{
"type": "FeatureCollection",
"name": "detecciones_final",
"crs": { "type": "name", "properties": { "name": "urn:ogc:def:crs:OGC:1.3:CRS84" } },
"features": [
{ "type": "Feature", "properties": { "color": "yellow", "type": "point" }, "geometry": { "type": "Point", "coordinates": [ -99.130088345573526, 18.82688083619157 ] } },
{ "type": "Feature", "properties": { "color": "yellow", "type": "point" }, "geometry": { "type": "Point", "coordinates": [ -99.130088345573526, 18.82688083619157 ] } },
{ "type": "Feature", "properties": { "color": "yellow", "type": "point" }, "geometry": { "type": "Point", "coordinates": [ -99.130088345573526, 18.82688083619157 ] } },
{ "type": "Feature", "properties": { "color": "yellow", "type": "point" }, "geometry": { "type": "Point", "coordinates": [ -99.130088345573526, 18.82688083619157 ] } },
{ "type": "Feature", "properties": { "color": "yellow", "type": "point" }, "geometry": { "type": "Point", "coordinates": [ -99.137722609243738, 18.826875353552389 ] } },
{ "type": "Feature", "properties": { "color": "yellow", "type": "point" }, "geometry": { "type": "Point", "coordinates": [ -99.137722609243738, 18.826875353552389 ] } },
{ "type": "Feature", "properties": { "color": "yellow", "type": "point" }, "geometry": { "type": "Point", "coordinates": [ -99.137726084943083, 18.83114136653899 ] } },
{ "type": "Feature", "properties": { "color": "yellow", "type": "point" }, "geometry": { "type": "Point", "coordinates": [ -99.137726084943083, 18.83114136653899 ] } },
{ "type": "Feature", "properties": { "color": "yellow", "type": "point" }, "geometry": { "type": "Point", "coordinates": [ -99.145360538564233, 18.831135569914927 ] } },
{ "type": "Feature", "properties": { "color": "yellow", "type": "point" }, "geometry": { "type": "Point", "coordinates": [ -99.145360538564233, 18.831135569914927 ] } },
{ "type": "Feature", "properties": { "color": "yellow", "type": "point" }, "geometry": { "type": "Point", "coordinates": [ -99.137729561576819, 18.835407377574807 ] } },
{ "type": "Feature", "properties": { "color": "yellow", "type": "point" }, "geometry": { "type": "Point", "coordinates": [ -99.137729561576819, 18.835407377574807 ] } },
{ "type": "Feature", "properties": { "color": "yellow", "type": "point" }, "geometry": { "type": "Point", "coordinates": [ -99.145364207913673, 18.835401579541514 ] } },
{ "type": "Feature", "properties": { "color": "yellow", "type": "point" }, "geometry": { "type": "Point", "coordinates": [ -99.137729561576819, 18.835407377574807 ] } },
{ "type": "Feature", "properties": { "color": "yellow", "type": "point" }, "geometry": { "type": "Point", "coordinates": [ -99.137729561576819, 18.835407377574807 ] } },
{ "type": "Feature", "properties": { "color": "yellow", "type": "point" }, "geometry": { "type": "Point", "coordinates": [ -99.137729561576819, 18.835407377574807 ] } },
{ "type": "Feature", "properties": { "color": "yellow", "type": "point" }, "geometry": { "type": "Point", "coordinates": [ -99.137729561576819, 18.835407377574807 ] } },
{ "type": "Feature", "properties": { "color": "yellow", "type": "point" }, "geometry": { "type": "Point", "coordinates": [ -99.130094912526403, 18.835412862880368 ] } },
{ "type": "Feature", "properties": { "color": "yellow", "type": "point" }, "geometry": { "type": "Point", "coordinates": [ -99.130094912526403, 18.835412862880368 ] } },
{ "type": "Feature", "properties": { "color": "yellow", "type": "point" }, "geometry": { "type": "Point", "coordinates": [ -99.130094912526403, 18.835412862880368 ] } },
{ "type": "Feature", "properties": { "color": "yellow", "type": "point" }, "geometry": { "type": "Point", "coordinates": [ -99.122460260912817, 18.835418035457728 ] } },
{ "type": "Feature", "properties": { "color": "yellow", "type": "point" }, "geometry": { "type": "Point", "coordinates": [ -99.122460260912817, 18.835418035457728 ] } },
{ "type": "Feature", "properties": { "color": "yellow", "type": "point" }, "geometry": { "type": "Point", "coordinates": [ -99.122460260912817, 18.835418035457728 ] } },
{ "type": "Feature", "properties": { "color": "yellow", "type": "point" }, "geometry": { "type": "Point", "coordinates": [ -99.122460260912817, 18.835418035457728 ] } },
{ "type": "Feature", "properties": { "color": "yellow", "type": "point" }, "geometry": { "type": "Point", "coordinates": [ -99.114828506150459, 18.839688908162916 ] } },
{ "type": "Feature", "properties": { "color": "yellow", "type": "point" }, "geometry": { "type": "Point", "coordinates": [ -99.122460260912817, 18.835418035457728 ] } },
{ "type": "Feature", "properties": { "color": "yellow", "type": "point" }, "geometry": { "type": "Point", "coordinates": [ -99.114828506150459, 18.839688908162916 ] } },
{ "type": "Feature", "properties": { "color": "yellow", "type": "point" }, "geometry": { "type": "Point", "coordinates": [ -99.122463352945175, 18.839684047132941 ] } },
{ "type": "Feature", "properties": { "color": "yellow", "type": "point" }, "geometry": { "type": "Point", "coordinates": [ -99.114828506150459, 18.839688908162916 ] } },
{ "type": "Feature", "properties": { "color": "yellow", "type": "point" }, "geometry": { "type": "Point", "coordinates": [ -99.114828506150459, 18.839688908162916 ] } },
{ "type": "Feature", "properties": { "color": "yellow", "type": "point" }, "geometry": { "type": "Point", "coordinates": [ -99.114828506150459, 18.839688908162916 ] } },
{ "type": "Feature", "properties": { "color": "yellow", "type": "point" }, "geometry": { "type": "Point", "coordinates": [ -99.114828506150459, 18.839688908162916 ] } },
{ "type": "Feature", "properties": { "color": "yellow", "type": "point" }, "geometry": { "type": "Point", "coordinates": [ -99.114828506150459, 18.839688908162916 ] } },
{ "type": "Feature", "properties": { "color": "yellow", "type": "point" }, "geometry": { "type": "Point", "coordinates": [ -99.107193657093148, 18.839693456387838 ] } },
{ "type": "Feature", "properties": { "color": "yellow", "type": "point" }, "geometry": { "type": "Point", "coordinates": [ -99.107193657093148, 18.839693456387838 ] } },
{ "type": "Feature", "properties": { "color": "yellow", "type": "point" }, "geometry": { "type": "Point", "coordinates": [ -99.107193657093148, 18.839693456387838 ] } },
{ "type": "Feature", "properties": { "color": "yellow", "type": "point" }, "geometry": { "type": "Point", "coordinates": [ -99.107196364315854, 18.843959468398261 ] } },
{ "type": "Feature", "properties": { "color": "yellow", "type": "point" }, "geometry": { "type": "Point", "coordinates": [ -99.107196364315854, 18.843959468398261 ] } },
{ "type": "Feature", "properties": { "color": "yellow", "type": "point" }, "geometry": { "type": "Point", "coordinates": [ -99.107196364315854, 18.843959468398261 ] } },
{ "type": "Feature", "properties": { "color": "yellow", "type": "point" }, "geometry": { "type": "Point", "coordinates": [ -99.107196364315854, 18.843959468398261 ] } },
{ "type": "Feature", "properties": { "color": "yellow", "type": "point" }, "geometry": { "type": "Point", "coordinates": [ -99.107196364315854, 18.843959468398261 ] } },
{ "type": "Feature", "properties": { "color": "yellow", "type": "point" }, "geometry": { "type": "Point", "coordinates": [ -99.107196364315854, 18.843959468398261 ] } },
{ "type": "Feature", "properties": { "color": "yellow", "type": "point" }, "geometry": { "type": "Point", "coordinates": [ -99.107196364315854, 18.843959468398261 ] } },
{ "type": "Feature", "properties": { "color": "yellow", "type": "point" }, "geometry": { "type": "Point", "coordinates": [ -99.107199072266042, 18.848225478457003 ] } },
{ "type": "Feature", "properties": { "color": "yellow", "type": "point" }, "geometry": { "type": "Point", "coordinates": [ -99.107199072266042, 18.848225478457003 ] } },
{ "type": "Feature", "properties": { "color": "yellow", "type": "point" }, "geometry": { "type": "Point", "coordinates": [ -99.099563835403373, 18.848229715935084 ] } },
{ "type": "Feature", "properties": { "color": "yellow", "type": "point" }, "geometry": { "type": "Point", "coordinates": [ -99.099563835403373, 18.848229715935084 ] } },
{ "type": "Feature", "properties": { "color": "yellow", "type": "point" }, "geometry": { "type": "Point", "coordinates": [ -99.099563835403373, 18.848229715935084 ] } },
{ "type": "Feature", "properties": { "color": "yellow", "type": "point" }, "geometry": { "type": "Point", "coordinates": [ -99.099563835403373, 18.848229715935084 ] } },
{ "type": "Feature", "properties": { "color": "yellow", "type": "point" }, "geometry": { "type": "Point", "coordinates": [ -99.099563835403373, 18.848229715935084 ] } },
{ "type": "Feature", "properties": { "color": "yellow", "type": "point" }, "geometry": { "type": "Point", "coordinates": [ -99.099563835403373, 18.848229715935084 ] } },
{ "type": "Feature", "properties": { "color": "yellow", "type": "point" }, "geometry": { "type": "Point", "coordinates": [ -99.099563835403373, 18.848229715935084 ] } },
{ "type": "Feature", "properties": { "color": "yellow", "type": "point" }, "geometry": { "type": "Point", "coordinates": [ -99.099563835403373, 18.848229715935084 ] } },
{ "type": "Feature", "properties": { "color": "yellow", "type": "point" }, "geometry": { "type": "Point", "coordinates": [ -99.099563835403373, 18.848229715935084 ] } },
{ "type": "Feature", "properties": { "color": "yellow", "type": "point" }, "geometry": { "type": "Point", "coordinates": [ -99.099563835403373, 18.848229715935084 ] } },
{ "type": "Feature", "properties": { "color": "yellow", "type": "point" }, "geometry": { "type": "Point", "coordinates": [ -99.099563835403373, 18.848229715935084 ] } },
{ "type": "Feature", "properties": { "color": "yellow", "type": "point" }, "geometry": { "type": "Point", "coordinates": [ -99.107199072266042, 18.848225478457003 ] } },
{ "type": "Feature", "properties": { "color": "yellow", "type": "point" }, "geometry": { "type": "Point", "coordinates": [ -99.107199072266042, 18.848225478457003 ] } },
{ "type": "Feature", "properties": { "color": "yellow", "type": "point" }, "geometry": { "type": "Point", "coordinates": [ -99.107201780943782, 18.852491486563707 ] } },
{ "type": "Feature", "properties": { "color": "yellow", "type": "point" }, "geometry": { "type": "Point", "coordinates": [ -99.107199072266042, 18.848225478457003 ] } },
{ "type": "Feature", "properties": { "color": "yellow", "type": "point" }, "geometry": { "type": "Point", "coordinates": [ -99.107201780943782, 18.852491486563707 ] } },
{ "type": "Feature", "properties": { "color": "yellow", "type": "point" }, "geometry": { "type": "Point", "coordinates": [ -99.107201780943782, 18.852491486563707 ] } },
{ "type": "Feature", "properties": { "color": "yellow", "type": "point" }, "geometry": { "type": "Point", "coordinates": [ -99.107201780943782, 18.852491486563707 ] } },
{ "type": "Feature", "properties": { "color": "yellow", "type": "point" }, "geometry": { "type": "Point", "coordinates": [ -99.107201780943782, 18.852491486563707 ] } },
{ "type": "Feature", "properties": { "color": "yellow", "type": "point" }, "geometry": { "type": "Point", "coordinates": [ -99.107199072266042, 18.848225478457003 ] } },
{ "type": "Feature", "properties": { "color": "yellow", "type": "point" }, "geometry": { "type": "Point", "coordinates": [ -99.114834307016068, 18.848220928021437 ] } },
{ "type": "Feature", "properties": { "color": "yellow", "type": "point" }, "geometry": { "type": "Point", "coordinates": [ -99.107199072266042, 18.848225478457003 ] } },
{ "type": "Feature", "properties": { "color": "yellow", "type": "point" }, "geometry": { "type": "Point", "coordinates": [ -99.107199072266042, 18.848225478457003 ] } },
{ "type": "Feature", "properties": { "color": "yellow", "type": "point" }, "geometry": { "type": "Point", "coordinates": [ -99.107199072266042, 18.848225478457003 ] } },
{ "type": "Feature", "properties": { "color": "yellow", "type": "point" }, "geometry": { "type": "Point", "coordinates": [ -99.107199072266042, 18.848225478457003 ] } },
{ "type": "Feature", "properties": { "color": "yellow", "type": "point" }, "geometry": { "type": "Point", "coordinates": [ -99.107201780943782, 18.852491486563707 ] } },
{ "type": "Feature", "properties": { "color": "yellow", "type": "point" }, "geometry": { "type": "Point", "coordinates": [ -99.107201780943782, 18.852491486563707 ] } },
{ "type": "Feature", "properties": { "color": "yellow", "type": "point" }, "geometry": { "type": "Point", "coordinates": [ -99.107199072266042, 18.848225478457003 ] } },
{ "type": "Feature", "properties": { "color": "yellow", "type": "point" }, "geometry": { "type": "Point", "coordinates": [ -99.107199072266042, 18.848225478457003 ] } },
{ "type": "Feature", "properties": { "color": "yellow", "type": "point" }, "geometry": { "type": "Point", "coordinates": [ -99.107199072266042, 18.848225478457003 ] } },
{ "type": "Feature", "properties": { "color": "yellow", "type": "point" }, "geometry": { "type": "Point", "coordinates": [ -99.107199072266042, 18.848225478457003 ] } },
{ "type": "Feature", "properties": { "color": "yellow", "type": "point" }, "geometry": { "type": "Point", "coordinates": [ -99.114834307016068, 18.848220928021437 ] } },
{ "type": "Feature", "properties": { "color": "yellow", "type": "point" }, "geometry": { "type": "Point", "coordinates": [ -99.114834307016068, 18.848220928021437 ] } },
{ "type": "Feature", "properties": { "color": "yellow", "type": "point" }, "geometry": { "type": "Point", "coordinates": [ -99.114834307016068, 18.848220928021437 ] } },
{ "type": "Feature", "properties": { "color": "yellow", "type": "point" }, "geometry": { "type": "Point", "coordinates": [ -99.114834307016068, 18.848220928021437 ] } },
{ "type": "Feature", "properties": { "color": "yellow", "type": "point" }, "geometry": { "type": "Point", "coordinates": [ -99.114834307016068, 18.848220928021437 ] } },
{ "type": "Feature", "properties": { "color": "yellow", "type": "point" }, "geometry": { "type": "Point", "coordinates": [ -99.114834307016068, 18.848220928021437 ] } },
{ "type": "Feature", "properties": { "color": "yellow", "type": "point" }, "geometry": { "type": "Point", "coordinates": [ -99.122469539502987, 18.848216064628762 ] } },
{ "type": "Feature", "properties": { "color": "yellow", "type": "point" }, "geometry": { "type": "Point", "coordinates": [ -99.122469539502987, 18.848216064628762 ] } },
{ "type": "Feature", "properties": { "color": "yellow", "type": "point" }, "geometry": { "type": "Point", "coordinates": [ -99.122469539502987, 18.848216064628762 ] } },
{ "type": "Feature", "properties": { "color": "yellow", "type": "point" }, "geometry": { "type": "Point", "coordinates": [ -99.122469539502987, 18.848216064628762 ] } },
{ "type": "Feature", "properties": { "color": "yellow", "type": "point" }, "geometry": { "type": "Point", "coordinates": [ -99.122469539502987, 18.848216064628762 ] } },
{ "type": "Feature", "properties": { "color": "yellow", "type": "point" }, "geometry": { "type": "Point", "coordinates": [ -99.122469539502987, 18.848216064628762 ] } },
{ "type": "Feature", "properties": { "color": "yellow", "type": "point" }, "geometry": { "type": "Point", "coordinates": [ -99.130104769576306, 18.848210888279397 ] } },
{ "type": "Feature", "properties": { "color": "yellow", "type": "point" }, "geometry": { "type": "Point", "coordinates": [ -99.130104769576306, 18.848210888279397 ] } },
{ "type": "Feature", "properties": { "color": "yellow", "type": "point" }, "geometry": { "type": "Point", "coordinates": [ -99.130104769576306, 18.848210888279397 ] } },
{ "type": "Feature", "properties": { "color": "yellow", "type": "point" }, "geometry": { "type": "Point", "coordinates": [ -99.130104769576306, 18.848210888279397 ] } },
{ "type": "Feature", "properties": { "color": "yellow", "type": "point" }, "geometry": { "type": "Point", "coordinates": [ -99.130104769576306, 18.848210888279397 ] } },
{ "type": "Feature", "properties": { "color": "yellow", "type": "point" }, "geometry": { "type": "Point", "coordinates": [ -99.130104769576306, 18.848210888279397 ] } },
{ "type": "Feature", "properties": { "color": "yellow", "type": "point" }, "geometry": { "type": "Point", "coordinates": [ -99.130104769576306, 18.848210888279397 ] } },
{ "type": "Feature", "properties": { "color": "yellow", "type": "point" }, "geometry": { "type": "Point", "coordinates": [ -99.130104769576306, 18.848210888279397 ] } },
{ "type": "Feature", "properties": { "color": "yellow", "type": "point" }, "geometry": { "type": "Point", "coordinates": [ -99.130104769576306, 18.848210888279397 ] } },
{ "type": "Feature", "properties": { "color": "yellow", "type": "point" }, "geometry": { "type": "Point", "coordinates": [ -99.130104769576306, 18.848210888279397 ] } },
{ "type": "Feature", "properties": { "color": "yellow", "type": "point" }, "geometry": { "type": "Point", "coordinates": [ -99.130104769576306, 18.848210888279397 ] } },
{ "type": "Feature", "properties": { "color": "yellow", "type": "point" }, "geometry": { "type": "Point", "coordinates": [ -99.130104769576306, 18.848210888279397 ] } },
{ "type": "Feature", "properties": { "color": "yellow", "type": "point" }, "geometry": { "type": "Point", "coordinates": [ -99.130104769576306, 18.848210888279397 ] } },
{ "type": "Feature", "properties": { "color": "yellow", "type": "point" }, "geometry": { "type": "Point", "coordinates": [ -99.130104769576306, 18.848210888279397 ] } },
{ "type": "Feature", "properties": { "color": "yellow", "type": "point" }, "geometry": { "type": "Point", "coordinates": [ -99.130104769576306, 18.848210888279397 ] } },
{ "type": "Feature", "properties": { "color": "yellow", "type": "point" }, "geometry": { "type": "Point", "coordinates": [ -99.122469539502987, 18.848216064628762 ] } },
{ "type": "Feature", "properties": { "color": "yellow", "type": "point" }, "geometry": { "type": "Point", "coordinates": [ -99.130104769576306, 18.848210888279397 ] } },
{ "type": "Feature", "properties": { "color": "yellow", "type": "point" }, "geometry": { "type": "Point", "coordinates": [ -99.130104769576306, 18.848210888279397 ] } },
{ "type": "Feature", "properties": { "color": "yellow", "type": "point" }, "geometry": { "type": "Point", "coordinates": [ -99.122469539502987, 18.848216064628762 ] } },
{ "type": "Feature", "properties": { "color": "yellow", "type": "point" }, "geometry": { "type": "Point", "coordinates": [ -99.122469539502987, 18.848216064628762 ] } },
{ "type": "Feature", "properties": { "color": "yellow", "type": "point" }, "geometry": { "type": "Point", "coordinates": [ -99.122469539502987, 18.848216064628762 ] } },
{ "type": "Feature", "properties": { "color": "yellow", "type": "point" }, "geometry": { "type": "Point", "coordinates": [ -99.122469539502987, 18.848216064628762 ] } },
{ "type": "Feature", "properties": { "color": "yellow", "type": "point" }, "geometry": { "type": "Point", "coordinates": [ -99.122469539502987, 18.848216064628762 ] } },
{ "type": "Feature", "properties": { "color": "yellow", "type": "point" }, "geometry": { "type": "Point", "coordinates": [ -99.122469539502987, 18.848216064628762 ] } },
{ "type": "Feature", "properties": { "color": "yellow", "type": "point" }, "geometry": { "type": "Point", "coordinates": [ -99.122469539502987, 18.848216064628762 ] } },
{ "type": "Feature", "properties": { "color": "yellow", "type": "point" }, "geometry": { "type": "Point", "coordinates": [ -99.122469539502987, 18.848216064628762 ] } },
{ "type": "Feature", "properties": { "color": "yellow", "type": "point" }, "geometry": { "type": "Point", "coordinates": [ -99.122469539502987, 18.848216064628762 ] } },
{ "type": "Feature", "properties": { "color": "yellow", "type": "point" }, "geometry": { "type": "Point", "coordinates": [ -99.122469539502987, 18.848216064628762 ] } },
{ "type": "Feature", "properties": { "color": "yellow", "type": "point" }, "geometry": { "type": "Point", "coordinates": [ -99.122469539502987, 18.848216064628762 ] } },
{ "type": "Feature", "properties": { "color": "yellow", "type": "point" }, "geometry": { "type": "Point", "coordinates": [ -99.122469539502987, 18.848216064628762 ] } },
{ "type": "Feature", "properties": { "color": "yellow", "type": "point" }, "geometry": { "type": "Point", "coordinates": [ -99.122472634028654, 18.85248207044862 ] } },
{ "type": "Feature", "properties": { "color": "yellow", "type": "point" }, "geometry": { "type": "Point", "coordinates": [ -99.122472634028654, 18.85248207044862 ] } },
{ "type": "Feature", "properties": { "color": "yellow", "type": "point" }, "geometry": { "type": "Point", "coordinates": [ -99.122472634028654, 18.85248207044862 ] } },
{ "type": "Feature", "properties": { "color": "yellow", "type": "point" }, "geometry": { "type": "Point", "coordinates": [ -99.122472634028654, 18.85248207044862 ] } },
{ "type": "Feature", "properties": { "color": "yellow", "type": "point" }, "geometry": { "type": "Point", "coordinates": [ -99.122472634028654, 18.85248207044862 ] } },
{ "type": "Feature", "properties": { "color": "yellow", "type": "point" }, "geometry": { "type": "Point", "coordinates": [ -99.122472634028654, 18.85248207044862 ] } },
{ "type": "Feature", "properties": { "color": "yellow", "type": "point" }, "geometry": { "type": "Point", "coordinates": [ -99.122472634028654, 18.85248207044862 ] } },
{ "type": "Feature", "properties": { "color": "yellow", "type": "point" }, "geometry": { "type": "Point", "coordinates": [ -99.122472634028654, 18.85248207044862 ] } },
{ "type": "Feature", "properties": { "color": "yellow", "type": "point" }, "geometry": { "type": "Point", "coordinates": [ -99.122472634028654, 18.85248207044862 ] } },
{ "type": "Feature", "properties": { "color": "yellow", "type": "point" }, "geometry": { "type": "Point", "coordinates": [ -99.122472634028654, 18.85248207044862 ] } },
{ "type": "Feature", "properties": { "color": "yellow", "type": "point" }, "geometry": { "type": "Point", "coordinates": [ -99.130111345357847, 18.85674289545161 ] } },
{ "type": "Feature", "properties": { "color": "yellow", "type": "point" }, "geometry": { "type": "Point", "coordinates": [ -99.130111345357847, 18.85674289545161 ] } },
{ "type": "Feature", "properties": { "color": "yellow", "type": "point" }, "geometry": { "type": "Point", "coordinates": [ -99.664472019229777, 18.825742232452562 ] } },
{ "type": "Feature", "properties": { "color": "yellow", "type": "point" }, "geometry": { "type": "Point", "coordinates": [ -99.130111345357847, 18.85674289545161 ] } },
{ "type": "Feature", "properties": { "color": "yellow", "type": "point" }, "geometry": { "type": "Point", "coordinates": [ -99.664472019229777, 18.825742232452562 ] } },
{ "type": "Feature", "properties": { "color": "yellow", "type": "point" }, "geometry": { "type": "Point", "coordinates": [ -99.130111345357847, 18.85674289545161 ] } },
{ "type": "Feature", "properties": { "color": "yellow", "type": "point" }, "geometry": { "type": "Point", "coordinates": [ -99.672105729850742, 18.82571487215894 ] } },
{ "type": "Feature", "properties": { "color": "yellow", "type": "point" }, "geometry": { "type": "Point", "coordinates": [ -99.137746958765433, 18.85673740347897 ] } },
{ "type": "Feature", "properties": { "color": "yellow", "type": "point" }, "geometry": { "type": "Point", "coordinates": [ -99.672105729850742, 18.82571487215894 ] } },
{ "type": "Feature", "properties": { "color": "yellow", "type": "point" }, "geometry": { "type": "Point", "coordinates": [ -99.137746958765433, 18.85673740347897 ] } },
{ "type": "Feature", "properties": { "color": "yellow", "type": "point" }, "geometry": { "type": "Point", "coordinates": [ -99.672105729850742, 18.82571487215894 ] } },
{ "type": "Feature", "properties": { "color": "yellow", "type": "point" }, "geometry": { "type": "Point", "coordinates": [ -99.137746958765433, 18.85673740347897 ] } },
{ "type": "Feature", "properties": { "color": "yellow", "type": "point" }, "geometry": { "type": "Point", "coordinates": [ -99.679739427233599, 18.825687199388312 ] } },
{ "type": "Feature", "properties": { "color": "yellow", "type": "point" }, "geometry": { "type": "Point", "coordinates": [ -99.137746958765433, 18.85673740347897 ] } },
{ "type": "Feature", "properties": { "color": "yellow", "type": "point" }, "geometry": { "type": "Point", "coordinates": [ -99.679739427233599, 18.825687199388312 ] } },
{ "type": "Feature", "properties": { "color": "yellow", "type": "point" }, "geometry": { "type": "Point", "coordinates": [ -99.137746958765433, 18.85673740347897 ] } },
{ "type": "Feature", "properties": { "color": "yellow", "type": "point" }, "geometry": { "type": "Point", "coordinates": [ -99.679739427233599, 18.825687199388312 ] } },
{ "type": "Feature", "properties": { "color": "yellow", "type": "point" }, "geometry": { "type": "Point", "coordinates": [ -99.137746958765433, 18.85673740347897 ] } },
{ "type": "Feature", "properties": { "color": "yellow", "type": "point" }, "geometry": { "type": "Point", "coordinates": [ -99.679739427233599, 18.825687199388312 ] } },
{ "type": "Feature", "properties": { "color": "yellow", "type": "point" }, "geometry": { "type": "Point", "coordinates": [ -99.145382569457851, 18.856731598398486 ] } },
{ "type": "Feature", "properties": { "color": "yellow", "type": "point" }, "geometry": { "type": "Point", "coordinates": [ -99.687373111228041, 18.82565921414302 ] } },
{ "type": "Feature", "properties": { "color": "yellow", "type": "point" }, "geometry": { "type": "Point", "coordinates": [ -99.137750441007881, 18.861003402802186 ] } },
{ "type": "Feature", "properties": { "color": "yellow", "type": "point" }, "geometry": { "type": "Point", "coordinates": [ -99.687373111228041, 18.82565921414302 ] } },
{ "type": "Feature", "properties": { "color": "yellow", "type": "point" }, "geometry": { "type": "Point", "coordinates": [ -99.145382569457851, 18.856731598398486 ] } },
{ "type": "Feature", "properties": { "color": "yellow", "type": "point" }, "geometry": { "type": "Point", "coordinates": [ -99.672105729850742, 18.82571487215894 ] } },
{ "type": "Feature", "properties": { "color": "yellow", "type": "point" }, "geometry": { "type": "Point", "coordinates": [ -99.145382569457851, 18.856731598398486 ] } },
{ "type": "Feature", "properties": { "color": "yellow", "type": "point" }, "geometry": { "type": "Point", "coordinates": [ -99.672122690262384, 18.829980602965236 ] } },
{ "type": "Feature", "properties": { "color": "yellow", "type": "point" }, "geometry": { "type": "Point", "coordinates": [ -99.145386244726907, 18.860997596312068 ] } },
{ "type": "Feature", "properties": { "color": "yellow", "type": "point" }, "geometry": { "type": "Point", "coordinates": [ -99.145386244726907, 18.860997596312068 ] } },
{ "type": "Feature", "properties": { "color": "yellow", "type": "point" }, "geometry": { "type": "Point", "coordinates": [ -99.145382569457851, 18.856731598398486 ] } },
{ "type": "Feature", "properties": { "color": "yellow", "type": "point" }, "geometry": { "type": "Point", "coordinates": [ -99.145371549571593, 18.843933592940616 ] } },
{ "type": "Feature", "properties": { "color": "yellow", "type": "point" }, "geometry": { "type": "Point", "coordinates": [ -99.114831406193616, 18.84395491906804 ] } },
{ "type": "Feature", "properties": { "color": "yellow", "type": "point" }, "geometry": { "type": "Point", "coordinates": [ -99.130111345357847, 18.85674289545161 ] } },
{ "type": "Feature", "properties": { "color": "yellow", "type": "point" }, "geometry": { "type": "Point", "coordinates": [ -99.14538992098295, 18.865263592272168 ] } },
{ "type": "Feature", "properties": { "color": "yellow", "type": "point" }, "geometry": { "type": "Point", "coordinates": [ -99.14538992098295, 18.865263592272168 ] } },
{ "type": "Feature", "properties": { "color": "yellow", "type": "point" }, "geometry": { "type": "Point", "coordinates": [ -99.14538992098295, 18.865263592272168 ] } },
{ "type": "Feature", "properties": { "color": "yellow", "type": "point" }, "geometry": { "type": "Point", "coordinates": [ -99.14538992098295, 18.865263592272168 ] } },
{ "type": "Feature", "properties": { "color": "yellow", "type": "point" }, "geometry": { "type": "Point", "coordinates": [ -99.14538992098295, 18.865263592272168 ] } },
{ "type": "Feature", "properties": { "color": "yellow", "type": "point" }, "geometry": { "type": "Point", "coordinates": [ -99.14538992098295, 18.865263592272168 ] } },
{ "type": "Feature", "properties": { "color": "yellow", "type": "point" }, "geometry": { "type": "Point", "coordinates": [ -99.137753924185503, 18.865269400172004 ] } },
{ "type": "Feature", "properties": { "color": "yellow", "type": "point" }, "geometry": { "type": "Point", "coordinates": [ -99.137753924185503, 18.865269400172004 ] } },
{ "type": "Feature", "properties": { "color": "yellow", "type": "point" }, "geometry": { "type": "Point", "coordinates": [ -99.137753924185503, 18.865269400172004 ] } },
{ "type": "Feature", "properties": { "color": "yellow", "type": "point" }, "geometry": { "type": "Point", "coordinates": [ -99.137753924185503, 18.865269400172004 ] } },
{ "type": "Feature", "properties": { "color": "yellow", "type": "point" }, "geometry": { "type": "Point", "coordinates": [ -99.137753924185503, 18.865269400172004 ] } },
{ "type": "Feature", "properties": { "color": "yellow", "type": "point" }, "geometry": { "type": "Point", "coordinates": [ -99.137753924185503, 18.865269400172004 ] } },
{ "type": "Feature", "properties": { "color": "yellow", "type": "point" }, "geometry": { "type": "Point", "coordinates": [ -99.137753924185503, 18.865269400172004 ] } },
{ "type": "Feature", "properties": { "color": "yellow", "type": "point" }, "geometry": { "type": "Point", "coordinates": [ -99.641586999444428, 18.830088195409964 ] } },
{ "type": "Feature", "properties": { "color": "yellow", "type": "point" }, "geometry": { "type": "Point", "coordinates": [ -99.137753924185503, 18.865269400172004 ] } },
{ "type": "Feature", "properties": { "color": "yellow", "type": "point" }, "geometry": { "type": "Point", "coordinates": [ -99.641586999444428, 18.830088195409964 ] } },
{ "type": "Feature", "properties": { "color": "yellow", "type": "point" }, "geometry": { "type": "Point", "coordinates": [ -99.137757408298398, 18.869535395588034 ] } },
{ "type": "Feature", "properties": { "color": "yellow", "type": "point" }, "geometry": { "type": "Point", "coordinates": [ -99.649237328493655, 18.83432751470961 ] } },
{ "type": "Feature", "properties": { "color": "yellow", "type": "point" }, "geometry": { "type": "Point", "coordinates": [ -99.137757408298398, 18.869535395588034 ] } },
{ "type": "Feature", "properties": { "color": "yellow", "type": "point" }, "geometry": { "type": "Point", "coordinates": [ -99.641603193799682, 18.834353950408442 ] } },
{ "type": "Feature", "properties": { "color": "yellow", "type": "point" }, "geometry": { "type": "Point", "coordinates": [ -99.137757408298398, 18.869535395588034 ] } },
{ "type": "Feature", "properties": { "color": "yellow", "type": "point" }, "geometry": { "type": "Point", "coordinates": [ -99.649237328493655, 18.83432751470961 ] } },
{ "type": "Feature", "properties": { "color": "yellow", "type": "point" }, "geometry": { "type": "Point", "coordinates": [ -99.137757408298398, 18.869535395588034 ] } },
{ "type": "Feature", "properties": { "color": "yellow", "type": "point" }, "geometry": { "type": "Point", "coordinates": [ -99.649237328493655, 18.83432751470961 ] } },
{ "type": "Feature", "properties": { "color": "yellow", "type": "point" }, "geometry": { "type": "Point", "coordinates": [ -99.13776089334668, 18.873801389049902 ] } },
{ "type": "Feature", "properties": { "color": "yellow", "type": "point" }, "geometry": { "type": "Point", "coordinates": [ -99.649237328493655, 18.83432751470961 ] } },
{ "type": "Feature", "properties": { "color": "yellow", "type": "point" }, "geometry": { "type": "Point", "coordinates": [ -99.13776089334668, 18.873801389049902 ] } },
{ "type": "Feature", "properties": { "color": "yellow", "type": "point" }, "geometry": { "type": "Point", "coordinates": [ -99.664522336188668, 18.838539438936913 ] } },
{ "type": "Feature", "properties": { "color": "yellow", "type": "point" }, "geometry": { "type": "Point", "coordinates": [ -99.13776089334668, 18.873801389049902 ] } },
{ "type": "Feature", "properties": { "color": "yellow", "type": "point" }, "geometry": { "type": "Point", "coordinates": [ -99.664539117525166, 18.842805170502256 ] } },
{ "type": "Feature", "properties": { "color": "yellow", "type": "point" }, "geometry": { "type": "Point", "coordinates": [ -99.13776089334668, 18.873801389049902 ] } },
{ "type": "Feature", "properties": { "color": "yellow", "type": "point" }, "geometry": { "type": "Point", "coordinates": [ -99.664539117525166, 18.842805170502256 ] } },
{ "type": "Feature", "properties": { "color": "yellow", "type": "point" }, "geometry": { "type": "Point", "coordinates": [ -99.13776089334668, 18.873801389049902 ] } },
{ "type": "Feature", "properties": { "color": "yellow", "type": "point" }, "geometry": { "type": "Point", "coordinates": [ -99.67217359885656, 18.842777783595366 ] } },
{ "type": "Feature", "properties": { "color": "yellow", "type": "point" }, "geometry": { "type": "Point", "coordinates": [ -99.137767866249831, 18.882333370109656 ] } },
{ "type": "Feature", "properties": { "color": "yellow", "type": "point" }, "geometry": { "type": "Point", "coordinates": [ -99.664539117525166, 18.842805170502256 ] } },
{ "type": "Feature", "properties": { "color": "yellow", "type": "point" }, "geometry": { "type": "Point", "coordinates": [ -99.145397276456521, 18.873795578330434 ] } },
{ "type": "Feature", "properties": { "color": "yellow", "type": "point" }, "geometry": { "type": "Point", "coordinates": [ -99.67217359885656, 18.842777783595366 ] } },
{ "type": "Feature", "properties": { "color": "yellow", "type": "point" }, "geometry": { "type": "Point", "coordinates": [ -99.145400955674262, 18.878061568427857 ] } },
{ "type": "Feature", "properties": { "color": "yellow", "type": "point" }, "geometry": { "type": "Point", "coordinates": [ -99.67217359885656, 18.842777783595366 ] } },
{ "type": "Feature", "properties": { "color": "yellow", "type": "point" }, "geometry": { "type": "Point", "coordinates": [ -99.145397276456521, 18.873795578330434 ] } },
{ "type": "Feature", "properties": { "color": "yellow", "type": "point" }, "geometry": { "type": "Point", "coordinates": [ -99.67217359885656, 18.842777783595366 ] } },
{ "type": "Feature", "properties": { "color": "yellow", "type": "point" }, "geometry": { "type": "Point", "coordinates": [ -99.145397276456521, 18.873795578330434 ] } },
{ "type": "Feature", "properties": { "color": "yellow", "type": "point" }, "geometry": { "type": "Point", "coordinates": [ -99.67217359885656, 18.842777783595366 ] } },
{ "type": "Feature", "properties": { "color": "yellow", "type": "point" }, "geometry": { "type": "Point", "coordinates": [ -99.145397276456521, 18.873795578330434 ] } },
{ "type": "Feature", "properties": { "color": "yellow", "type": "point" }, "geometry": { "type": "Point", "coordinates": [ -99.679790900098155, 18.838484365725783 ] } },
{ "type": "Feature", "properties": { "color": "yellow", "type": "point" }, "geometry": { "type": "Point", "coordinates": [ -99.145397276456521, 18.873795578330434 ] } },
{ "type": "Feature", "properties": { "color": "yellow", "type": "point" }, "geometry": { "type": "Point", "coordinates": [ -99.672156624764767, 18.838512058683829 ] } },
{ "type": "Feature", "properties": { "color": "yellow", "type": "point" }, "geometry": { "type": "Point", "coordinates": [ -99.145397276456521, 18.873795578330434 ] } },
{ "type": "Feature", "properties": { "color": "yellow", "type": "point" }, "geometry": { "type": "Point", "coordinates": [ -99.664539117525166, 18.842805170502256 ] } },
{ "type": "Feature", "properties": { "color": "yellow", "type": "point" }, "geometry": { "type": "Point", "coordinates": [ -99.145397276456521, 18.873795578330434 ] } },
{ "type": "Feature", "properties": { "color": "yellow", "type": "point" }, "geometry": { "type": "Point", "coordinates": [ -99.664539117525166, 18.842805170502256 ] } },
{ "type": "Feature", "properties": { "color": "yellow", "type": "point" }, "geometry": { "type": "Point", "coordinates": [ -99.145397276456521, 18.873795578330434 ] } },
{ "type": "Feature", "properties": { "color": "yellow", "type": "point" }, "geometry": { "type": "Point", "coordinates": [ -99.664522336188668, 18.838539438936913 ] } },
{ "type": "Feature", "properties": { "color": "yellow", "type": "point" }, "geometry": { "type": "Point", "coordinates": [ -99.13776089334668, 18.873801389049902 ] } },
{ "type": "Feature", "properties": { "color": "yellow", "type": "point" }, "geometry": { "type": "Point", "coordinates": [ -99.664522336188668, 18.838539438936913 ] } },
{ "type": "Feature", "properties": { "color": "yellow", "type": "point" }, "geometry": { "type": "Point", "coordinates": [ -99.137757408298398, 18.869535395588034 ] } },
{ "type": "Feature", "properties": { "color": "yellow", "type": "point" }, "geometry": { "type": "Point", "coordinates": [ -99.664522336188668, 18.838539438936913 ] } },
{ "type": "Feature", "properties": { "color": "yellow", "type": "point" }, "geometry": { "type": "Point", "coordinates": [ -99.137757408298398, 18.869535395588034 ] } },
{ "type": "Feature", "properties": { "color": "yellow", "type": "point" }, "geometry": { "type": "Point", "coordinates": [ -99.664522336188668, 18.838539438936913 ] } },
{ "type": "Feature", "properties": { "color": "yellow", "type": "point" }, "geometry": { "type": "Point", "coordinates": [ -99.137757408298398, 18.869535395588034 ] } },
{ "type": "Feature", "properties": { "color": "yellow", "type": "point" }, "geometry": { "type": "Point", "coordinates": [ -99.664522336188668, 18.838539438936913 ] } },
{ "type": "Feature", "properties": { "color": "yellow", "type": "point" }, "geometry": { "type": "Point", "coordinates": [ -99.137757408298398, 18.869535395588034 ] } },
{ "type": "Feature", "properties": { "color": "yellow", "type": "point" }, "geometry": { "type": "Point", "coordinates": [ -99.664522336188668, 18.838539438936913 ] } },
{ "type": "Feature", "properties": { "color": "yellow", "type": "point" }, "geometry": { "type": "Point", "coordinates": [ -99.137757408298398, 18.869535395588034 ] } },
{ "type": "Feature", "properties": { "color": "yellow", "type": "point" }, "geometry": { "type": "Point", "coordinates": [ -99.656888034520236, 18.838566506482714 ] } },
{ "type": "Feature", "properties": { "color": "yellow", "type": "point" }, "geometry": { "type": "Point", "coordinates": [ -99.130121215654583, 18.869540891561705 ] } },
{ "type": "Feature", "properties": { "color": "yellow", "type": "point" }, "geometry": { "type": "Point", "coordinates": [ -99.656888034520236, 18.838566506482714 ] } },
{ "type": "Feature", "properties": { "color": "yellow", "type": "point" }, "geometry": { "type": "Point", "coordinates": [ -99.130121215654583, 18.869540891561705 ] } },
{ "type": "Feature", "properties": { "color": "yellow", "type": "point" }, "geometry": { "type": "Point", "coordinates": [ -99.656888034520236, 18.838566506482714 ] } },
{ "type": "Feature", "properties": { "color": "yellow", "type": "point" }, "geometry": { "type": "Point", "coordinates": [ -99.130121215654583, 18.869540891561705 ] } },
{ "type": "Feature", "properties": { "color": "yellow", "type": "point" }, "geometry": { "type": "Point", "coordinates": [ -99.656888034520236, 18.838566506482714 ] } },
{ "type": "Feature", "properties": { "color": "yellow", "type": "point" }, "geometry": { "type": "Point", "coordinates": [ -99.130121215654583, 18.869540891561705 ] } },
{ "type": "Feature", "properties": { "color": "yellow", "type": "point" }, "geometry": { "type": "Point", "coordinates": [ -99.656888034520236, 18.838566506482714 ] } },
{ "type": "Feature", "properties": { "color": "yellow", "type": "point" }, "geometry": { "type": "Point", "coordinates": [ -99.130121215654583, 18.869540891561705 ] } },
{ "type": "Feature", "properties": { "color": "yellow", "type": "point" }, "geometry": { "type": "Point", "coordinates": [ -99.649237328493655, 18.83432751470961 ] } },
{ "type": "Feature", "properties": { "color": "yellow", "type": "point" }, "geometry": { "type": "Point", "coordinates": [ -99.130117924672277, 18.865274894811936 ] } },
{ "type": "Feature", "properties": { "color": "yellow", "type": "point" }, "geometry": { "type": "Point", "coordinates": [ -99.649237328493655, 18.83432751470961 ] } },
{ "type": "Feature", "properties": { "color": "yellow", "type": "point" }, "geometry": { "type": "Point", "coordinates": [ -99.122481922593792, 18.8652800761915 ] } },
{ "type": "Feature", "properties": { "color": "yellow", "type": "point" }, "geometry": { "type": "Point", "coordinates": [ -99.649237328493655, 18.83432751470961 ] } },
{ "type": "Feature", "properties": { "color": "yellow", "type": "point" }, "geometry": { "type": "Point", "coordinates": [ -99.122481922593792, 18.8652800761915 ] } },
{ "type": "Feature", "properties": { "color": "yellow", "type": "point" }, "geometry": { "type": "Point", "coordinates": [ -99.649237328493655, 18.83432751470961 ] } },
{ "type": "Feature", "properties": { "color": "yellow", "type": "point" }, "geometry": { "type": "Point", "coordinates": [ -99.122481922593792, 18.8652800761915 ] } },
{ "type": "Feature", "properties": { "color": "yellow", "type": "point" }, "geometry": { "type": "Point", "coordinates": [ -99.649237328493655, 18.83432751470961 ] } },
{ "type": "Feature", "properties": { "color": "yellow", "type": "point" }, "geometry": { "type": "Point", "coordinates": [ -99.122481922593792, 18.8652800761915 ] } },
{ "type": "Feature", "properties": { "color": "yellow", "type": "point" }, "geometry": { "type": "Point", "coordinates": [ -99.641603193799682, 18.834353950408442 ] } },
{ "type": "Feature", "properties": { "color": "yellow", "type": "point" }, "geometry": { "type": "Point", "coordinates": [ -99.114845918100599, 18.86528494431025 ] } },
{ "type": "Feature", "properties": { "color": "yellow", "type": "point" }, "geometry": { "type": "Point", "coordinates": [ -99.641603193799682, 18.834353950408442 ] } },
{ "type": "Feature", "properties": { "color": "yellow", "type": "point" }, "geometry": { "type": "Point", "coordinates": [ -99.114845918100599, 18.86528494431025 ] } },
{ "type": "Feature", "properties": { "color": "yellow", "type": "point" }, "geometry": { "type": "Point", "coordinates": [ -99.633969046465978, 18.834380073469141 ] } },
{ "type": "Feature", "properties": { "color": "yellow", "type": "point" }, "geometry": { "type": "Point", "coordinates": [ -99.114845918100599, 18.86528494431025 ] } },
{ "type": "Feature", "properties": { "color": "yellow", "type": "point" }, "geometry": { "type": "Point", "coordinates": [ -99.641603193799682, 18.834353950408442 ] } },
{ "type": "Feature", "properties": { "color": "yellow", "type": "point" }, "geometry": { "type": "Point", "coordinates": [ -99.114845918100599, 18.86528494431025 ] } },
{ "type": "Feature", "properties": { "color": "yellow", "type": "point" }, "geometry": { "type": "Point", "coordinates": [ -99.641586999444428, 18.830088195409964 ] } },
{ "type": "Feature", "properties": { "color": "yellow", "type": "point" }, "geometry": { "type": "Point", "coordinates": [ -99.114845918100599, 18.86528494431025 ] } },
{ "type": "Feature", "properties": { "color": "yellow", "type": "point" }, "geometry": { "type": "Point", "coordinates": [ -99.641586999444428, 18.830088195409964 ] } },
{ "type": "Feature", "properties": { "color": "yellow", "type": "point" }, "geometry": { "type": "Point", "coordinates": [ -99.114845918100599, 18.86528494431025 ] } },
{ "type": "Feature", "properties": { "color": "yellow", "type": "point" }, "geometry": { "type": "Point", "coordinates": [ -99.641603193799682, 18.834353950408442 ] } },
{ "type": "Feature", "properties": { "color": "yellow", "type": "point" }, "geometry": { "type": "Point", "coordinates": [ -99.114845918100599, 18.86528494431025 ] } },
{ "type": "Feature", "properties": { "color": "yellow", "type": "point" }, "geometry": { "type": "Point", "coordinates": [ -99.641586999444428, 18.830088195409964 ] } },
{ "type": "Feature", "properties": { "color": "yellow", "type": "point" }, "geometry": { "type": "Point", "coordinates": [ -99.114845918100599, 18.86528494431025 ] } },
{ "type": "Feature", "properties": { "color": "yellow", "type": "point" }, "geometry": { "type": "Point", "coordinates": [ -99.641603193799682, 18.834353950408442 ] } },
{ "type": "Feature", "properties": { "color": "yellow", "type": "point" }, "geometry": { "type": "Point", "coordinates": [ -99.114845918100599, 18.86528494431025 ] } },
{ "type": "Feature", "properties": { "color": "yellow", "type": "point" }, "geometry": { "type": "Point", "coordinates": [ -99.641603193799682, 18.834353950408442 ] } },
{ "type": "Feature", "properties": { "color": "yellow", "type": "point" }, "geometry": { "type": "Point", "coordinates": [ -99.114845918100599, 18.86528494431025 ] } },
{ "type": "Feature", "properties": { "color": "yellow", "type": "point" }, "geometry": { "type": "Point", "coordinates": [ -99.641603193799682, 18.834353950408442 ] } },
{ "type": "Feature", "properties": { "color": "yellow", "type": "point" }, "geometry": { "type": "Point", "coordinates": [ -99.114845918100599, 18.86528494431025 ] } },
{ "type": "Feature", "properties": { "color": "yellow", "type": "point" }, "geometry": { "type": "Point", "coordinates": [ -99.641603193799682, 18.834353950408442 ] } },
{ "type": "Feature", "properties": { "color": "yellow", "type": "point" }, "geometry": { "type": "Point", "coordinates": [ -99.114845918100599, 18.86528494431025 ] } },
{ "type": "Feature", "properties": { "color": "yellow", "type": "point" }, "geometry": { "type": "Point", "coordinates": [ -99.641603193799682, 18.834353950408442 ] } },
{ "type": "Feature", "properties": { "color": "yellow", "type": "point" }, "geometry": { "type": "Point", "coordinates": [ -99.114845918100599, 18.86528494431025 ] } },
{ "type": "Feature", "properties": { "color": "yellow", "type": "point" }, "geometry": { "type": "Point", "coordinates": [ -99.641603193799682, 18.834353950408442 ] } },
{ "type": "Feature", "properties": { "color": "yellow", "type": "point" }, "geometry": { "type": "Point", "coordinates": [ -99.114845918100599, 18.86528494431025 ] } },
{ "type": "Feature", "properties": { "color": "yellow", "type": "point" }, "geometry": { "type": "Point", "coordinates": [ -99.641603193799682, 18.834353950408442 ] } },
{ "type": "Feature", "properties": { "color": "yellow", "type": "point" }, "geometry": { "type": "Point", "coordinates": [ -99.114845918100599, 18.86528494431025 ] } },
{ "type": "Feature", "properties": { "color": "yellow", "type": "point" }, "geometry": { "type": "Point", "coordinates": [ -99.641603193799682, 18.834353950408442 ] } },
{ "type": "Feature", "properties": { "color": "yellow", "type": "point" }, "geometry": { "type": "Point", "coordinates": [ -99.114845918100599, 18.86528494431025 ] } },
{ "type": "Feature", "properties": { "color": "yellow", "type": "point" }, "geometry": { "type": "Point", "coordinates": [ -99.641603193799682, 18.834353950408442 ] } },
{ "type": "Feature", "properties": { "color": "yellow", "type": "point" }, "geometry": { "type": "Point", "coordinates": [ -99.114845918100599, 18.86528494431025 ] } },
{ "type": "Feature", "properties": { "color": "yellow", "type": "point" }, "geometry": { "type": "Point", "coordinates": [ -99.641603193799682, 18.834353950408442 ] } },
{ "type": "Feature", "properties": { "color": "yellow", "type": "point" }, "geometry": { "type": "Point", "coordinates": [ -99.114845918100599, 18.86528494431025 ] } },
{ "type": "Feature", "properties": { "color": "yellow", "type": "point" }, "geometry": { "type": "Point", "coordinates": [ -99.641619392507849, 18.838619703443261 ] } },
{ "type": "Feature", "properties": { "color": "yellow", "type": "point" }, "geometry": { "type": "Point", "coordinates": [ -99.114848822820861, 18.869550943499384 ] } },
{ "type": "Feature", "properties": { "color": "yellow", "type": "point" }, "geometry": { "type": "Point", "coordinates": [ -99.633985052464681, 18.838645832853494 ] } },
{ "type": "Feature", "properties": { "color": "yellow", "type": "point" }, "geometry": { "type": "Point", "coordinates": [ -99.114848822820861, 18.869550943499384 ] } },
{ "type": "Feature", "properties": { "color": "yellow", "type": "point" }, "geometry": { "type": "Point", "coordinates": [ -99.633985052464681, 18.838645832853494 ] } },
{ "type": "Feature", "properties": { "color": "yellow", "type": "point" }, "geometry": { "type": "Point", "coordinates": [ -99.114848822820861, 18.869550943499384 ] } },
{ "type": "Feature", "properties": { "color": "yellow", "type": "point" }, "geometry": { "type": "Point", "coordinates": [ -99.641619392507849, 18.838619703443261 ] } },
{ "type": "Feature", "properties": { "color": "yellow", "type": "point" }, "geometry": { "type": "Point", "coordinates": [ -99.114848822820861, 18.869550943499384 ] } },
{ "type": "Feature", "properties": { "color": "yellow", "type": "point" }, "geometry": { "type": "Point", "coordinates": [ -99.641619392507849, 18.838619703443261 ] } },
{ "type": "Feature", "properties": { "color": "yellow", "type": "point" }, "geometry": { "type": "Point", "coordinates": [ -99.114845918100599, 18.86528494431025 ] } },
{ "type": "Feature", "properties": { "color": "yellow", "type": "point" }, "geometry": { "type": "Point", "coordinates": [ -99.641619392507849, 18.838619703443261 ] } },
{ "type": "Feature", "properties": { "color": "yellow", "type": "point" }, "geometry": { "type": "Point", "coordinates": [ -99.114848822820861, 18.869550943499384 ] } },
{ "type": "Feature", "properties": { "color": "yellow", "type": "point" }, "geometry": { "type": "Point", "coordinates": [ -99.641619392507849, 18.838619703443261 ] } },
{ "type": "Feature", "properties": { "color": "yellow", "type": "point" }, "geometry": { "type": "Point", "coordinates": [ -99.114848822820861, 18.869550943499384 ] } },
{ "type": "Feature", "properties": { "color": "yellow", "type": "point" }, "geometry": { "type": "Point", "coordinates": [ -99.641619392507849, 18.838619703443261 ] } },
{ "type": "Feature", "properties": { "color": "yellow", "type": "point" }, "geometry": { "type": "Point", "coordinates": [ -99.114848822820861, 18.869550943499384 ] } },
{ "type": "Feature", "properties": { "color": "yellow", "type": "point" }, "geometry": { "type": "Point", "coordinates": [ -99.641619392507849, 18.838619703443261 ] } },
{ "type": "Feature", "properties": { "color": "yellow", "type": "point" }, "geometry": { "type": "Point", "coordinates": [ -99.114848822820861, 18.869550943499384 ] } },
{ "type": "Feature", "properties": { "color": "yellow", "type": "point" }, "geometry": { "type": "Point", "coordinates": [ -99.641619392507849, 18.838619703443261 ] } },
{ "type": "Feature", "properties": { "color": "yellow", "type": "point" }, "geometry": { "type": "Point", "coordinates": [ -99.114848822820861, 18.869550943499384 ] } },
{ "type": "Feature", "properties": { "color": "yellow", "type": "point" }, "geometry": { "type": "Point", "coordinates": [ -99.641619392507849, 18.838619703443261 ] } },
{ "type": "Feature", "properties": { "color": "yellow", "type": "point" }, "geometry": { "type": "Point", "coordinates": [ -99.114848822820861, 18.869550943499384 ] } },
{ "type": "Feature", "properties": { "color": "yellow", "type": "point" }, "geometry": { "type": "Point", "coordinates": [ -99.641619392507849, 18.838619703443261 ] } },
{ "type": "Feature", "properties": { "color": "yellow", "type": "point" }, "geometry": { "type": "Point", "coordinates": [ -99.114848822820861, 18.869550943499384 ] } },
{ "type": "Feature", "properties": { "color": "yellow", "type": "point" }, "geometry": { "type": "Point", "coordinates": [ -99.641619392507849, 18.838619703443261 ] } },
{ "type": "Feature", "properties": { "color": "yellow", "type": "point" }, "geometry": { "type": "Point", "coordinates": [ -99.114848822820861, 18.869550943499384 ] } },
{ "type": "Feature", "properties": { "color": "yellow", "type": "point" }, "geometry": { "type": "Point", "coordinates": [ -99.641619392507849, 18.838619703443261 ] } },
{ "type": "Feature", "properties": { "color": "yellow", "type": "point" }, "geometry": { "type": "Point", "coordinates": [ -99.114848822820861, 18.869550943499384 ] } },
{ "type": "Feature", "properties": { "color": "yellow", "type": "point" }, "geometry": { "type": "Point", "coordinates": [ -99.641619392507849, 18.838619703443261 ] } },
{ "type": "Feature", "properties": { "color": "yellow", "type": "point" }, "geometry": { "type": "Point", "coordinates": [ -99.122485020445225, 18.869546074198968 ] } },
{ "type": "Feature", "properties": { "color": "yellow", "type": "point" }, "geometry": { "type": "Point", "coordinates": [ -99.641619392507849, 18.838619703443261 ] } },
{ "type": "Feature", "properties": { "color": "yellow", "type": "point" }, "geometry": { "type": "Point", "coordinates": [ -99.122485020445225, 18.869546074198968 ] } },
{ "type": "Feature", "properties": { "color": "yellow", "type": "point" }, "geometry": { "type": "Point", "coordinates": [ -99.649253719909836, 18.83859326131892 ] } },
{ "type": "Feature", "properties": { "color": "yellow", "type": "point" }, "geometry": { "type": "Point", "coordinates": [ -99.122485020445225, 18.869546074198968 ] } },
{ "type": "Feature", "properties": { "color": "yellow", "type": "point" }, "geometry": { "type": "Point", "coordinates": [ -99.656888034520236, 18.838566506482714 ] } },
{ "type": "Feature", "properties": { "color": "yellow", "type": "point" }, "geometry": { "type": "Point", "coordinates": [ -99.130121215654583, 18.869540891561705 ] } },
{ "type": "Feature", "properties": { "color": "yellow", "type": "point" }, "geometry": { "type": "Point", "coordinates": [ -99.656888034520236, 18.838566506482714 ] } },
{ "type": "Feature", "properties": { "color": "yellow", "type": "point" }, "geometry": { "type": "Point", "coordinates": [ -99.130121215654583, 18.869540891561705 ] } },
{ "type": "Feature", "properties": { "color": "yellow", "type": "point" }, "geometry": { "type": "Point", "coordinates": [ -99.656888034520236, 18.838566506482714 ] } },
{ "type": "Feature", "properties": { "color": "yellow", "type": "point" }, "geometry": { "type": "Point", "coordinates": [ -99.130121215654583, 18.869540891561705 ] } },
{ "type": "Feature", "properties": { "color": "yellow", "type": "point" }, "geometry": { "type": "Point", "coordinates": [ -99.656888034520236, 18.838566506482714 ] } },
{ "type": "Feature", "properties": { "color": "yellow", "type": "point" }, "geometry": { "type": "Point", "coordinates": [ -99.130121215654583, 18.869540891561705 ] } },
{ "type": "Feature", "properties": { "color": "yellow", "type": "point" }, "geometry": { "type": "Point", "coordinates": [ -99.656888034520236, 18.838566506482714 ] } },
{ "type": "Feature", "properties": { "color": "yellow", "type": "point" }, "geometry": { "type": "Point", "coordinates": [ -99.130121215654583, 18.869540891561705 ] } },
{ "type": "Feature", "properties": { "color": "yellow", "type": "point" }, "geometry": { "type": "Point", "coordinates": [ -99.656888034520236, 18.838566506482714 ] } },
{ "type": "Feature", "properties": { "color": "yellow", "type": "point" }, "geometry": { "type": "Point", "coordinates": [ -99.130121215654583, 18.869540891561705 ] } },
{ "type": "Feature", "properties": { "color": "yellow", "type": "point" }, "geometry": { "type": "Point", "coordinates": [ -99.656888034520236, 18.838566506482714 ] } },
{ "type": "Feature", "properties": { "color": "yellow", "type": "point" }, "geometry": { "type": "Point", "coordinates": [ -99.130121215654583, 18.869540891561705 ] } },
{ "type": "Feature", "properties": { "color": "yellow", "type": "point" }, "geometry": { "type": "Point", "coordinates": [ -99.664522336188668, 18.838539438936913 ] } },
{ "type": "Feature", "properties": { "color": "yellow", "type": "point" }, "geometry": { "type": "Point", "coordinates": [ -99.137757408298398, 18.869535395588034 ] } },
{ "type": "Feature", "properties": { "color": "yellow", "type": "point" }, "geometry": { "type": "Point", "coordinates": [ -99.664539117525166, 18.842805170502256 ] } },
{ "type": "Feature", "properties": { "color": "yellow", "type": "point" }, "geometry": { "type": "Point", "coordinates": [ -99.137757408298398, 18.869535395588034 ] } },
{ "type": "Feature", "properties": { "color": "yellow", "type": "point" }, "geometry": { "type": "Point", "coordinates": [ -99.664539117525166, 18.842805170502256 ] } },
{ "type": "Feature", "properties": { "color": "yellow", "type": "point" }, "geometry": { "type": "Point", "coordinates": [ -99.13776089334668, 18.873801389049902 ] } },
{ "type": "Feature", "properties": { "color": "yellow", "type": "point" }, "geometry": { "type": "Point", "coordinates": [ -99.664539117525166, 18.842805170502256 ] } },
{ "type": "Feature", "properties": { "color": "yellow", "type": "point" }, "geometry": { "type": "Point", "coordinates": [ -99.13776089334668, 18.873801389049902 ] } },
{ "type": "Feature", "properties": { "color": "yellow", "type": "point" }, "geometry": { "type": "Point", "coordinates": [ -99.664539117525166, 18.842805170502256 ] } },
{ "type": "Feature", "properties": { "color": "yellow", "type": "point" }, "geometry": { "type": "Point", "coordinates": [ -99.13776089334668, 18.873801389049902 ] } },
{ "type": "Feature", "properties": { "color": "yellow", "type": "point" }, "geometry": { "type": "Point", "coordinates": [ -99.664539117525166, 18.842805170502256 ] } },
{ "type": "Feature", "properties": { "color": "yellow", "type": "point" }, "geometry": { "type": "Point", "coordinates": [ -99.13776089334668, 18.873801389049902 ] } },
{ "type": "Feature", "properties": { "color": "yellow", "type": "point" }, "geometry": { "type": "Point", "coordinates": [ -99.656904623099933, 18.84283224462586 ] } },
{ "type": "Feature", "properties": { "color": "yellow", "type": "point" }, "geometry": { "type": "Point", "coordinates": [ -99.13776089334668, 18.873801389049902 ] } },
{ "type": "Feature", "properties": { "color": "yellow", "type": "point" }, "geometry": { "type": "Point", "coordinates": [ -99.664539117525166, 18.842805170502256 ] } },
{ "type": "Feature", "properties": { "color": "yellow", "type": "point" }, "geometry": { "type": "Point", "coordinates": [ -99.13776089334668, 18.873801389049902 ] } },
{ "type": "Feature", "properties": { "color": "yellow", "type": "point" }, "geometry": { "type": "Point", "coordinates": [ -99.656904623099933, 18.84283224462586 ] } },
{ "type": "Feature", "properties": { "color": "yellow", "type": "point" }, "geometry": { "type": "Point", "coordinates": [ -99.13776089334668, 18.873801389049902 ] } },
{ "type": "Feature", "properties": { "color": "yellow", "type": "point" }, "geometry": { "type": "Point", "coordinates": [ -99.664539117525166, 18.842805170502256 ] } },
{ "type": "Feature", "properties": { "color": "yellow", "type": "point" }, "geometry": { "type": "Point", "coordinates": [ -99.13776089334668, 18.873801389049902 ] } },
{ "type": "Feature", "properties": { "color": "yellow", "type": "point" }, "geometry": { "type": "Point", "coordinates": [ -99.664539117525166, 18.842805170502256 ] } },
{ "type": "Feature", "properties": { "color": "yellow", "type": "point" }, "geometry": { "type": "Point", "coordinates": [ -99.13776089334668, 18.873801389049902 ] } },
{ "type": "Feature", "properties": { "color": "yellow", "type": "point" }, "geometry": { "type": "Point", "coordinates": [ -99.664539117525166, 18.842805170502256 ] } },
{ "type": "Feature", "properties": { "color": "yellow", "type": "point" }, "geometry": { "type": "Point", "coordinates": [ -99.137767866249831, 18.882333370109656 ] } },
{ "type": "Feature", "properties": { "color": "yellow", "type": "point" }, "geometry": { "type": "Point", "coordinates": [ -99.664555903370982, 18.847070900102242 ] } },
{ "type": "Feature", "properties": { "color": "yellow", "type": "point" }, "geometry": { "type": "Point", "coordinates": [ -99.137767866249831, 18.882333370109656 ] } },
{ "type": "Feature", "properties": { "color": "yellow", "type": "point" }, "geometry": { "type": "Point", "coordinates": [ -99.664555903370982, 18.847070900102242 ] } },
{ "type": "Feature", "properties": { "color": "yellow", "type": "point" }, "geometry": { "type": "Point", "coordinates": [ -99.137767866249831, 18.882333370109656 ] } },
{ "type": "Feature", "properties": { "color": "yellow", "type": "point" }, "geometry": { "type": "Point", "coordinates": [ -99.664572693726626, 18.851336627736494 ] } },
{ "type": "Feature", "properties": { "color": "yellow", "type": "point" }, "geometry": { "type": "Point", "coordinates": [ -99.137767866249831, 18.882333370109656 ] } },
{ "type": "Feature", "properties": { "color": "yellow", "type": "point" }, "geometry": { "type": "Point", "coordinates": [ -99.664572693726626, 18.851336627736494 ] } },
{ "type": "Feature", "properties": { "color": "yellow", "type": "point" }, "geometry": { "type": "Point", "coordinates": [ -99.137767866249831, 18.882333370109656 ] } },
{ "type": "Feature", "properties": { "color": "yellow", "type": "point" }, "geometry": { "type": "Point", "coordinates": [ -99.664572693726626, 18.851336627736494 ] } },
{ "type": "Feature", "properties": { "color": "yellow", "type": "point" }, "geometry": { "type": "Point", "coordinates": [ -99.137771354104927, 18.886599357706793 ] } },
{ "type": "Feature", "properties": { "color": "yellow", "type": "point" }, "geometry": { "type": "Point", "coordinates": [ -99.664572693726626, 18.851336627736494 ] } },
{ "type": "Feature", "properties": { "color": "yellow", "type": "point" }, "geometry": { "type": "Point", "coordinates": [ -99.137771354104927, 18.886599357706793 ] } },
{ "type": "Feature", "properties": { "color": "yellow", "type": "point" }, "geometry": { "type": "Point", "coordinates": [ -99.664572693726626, 18.851336627736494 ] } },
{ "type": "Feature", "properties": { "color": "yellow", "type": "point" }, "geometry": { "type": "Point", "coordinates": [ -99.137767866249831, 18.882333370109656 ] } },
{ "type": "Feature", "properties": { "color": "yellow", "type": "point" }, "geometry": { "type": "Point", "coordinates": [ -99.664555903370982, 18.847070900102242 ] } },
{ "type": "Feature", "properties": { "color": "yellow", "type": "point" }, "geometry": { "type": "Point", "coordinates": [ -99.137771354104927, 18.886599357706793 ] } },
{ "type": "Feature", "properties": { "color": "yellow", "type": "point" }, "geometry": { "type": "Point", "coordinates": [ -99.664555903370982, 18.847070900102242 ] } },
{ "type": "Feature", "properties": { "color": "yellow", "type": "point" }, "geometry": { "type": "Point", "coordinates": [ -99.145408317072267, 18.886593542757364 ] } },
{ "type": "Feature", "properties": { "color": "yellow", "type": "point" }, "geometry": { "type": "Point", "coordinates": [ -99.664555903370982, 18.847070900102242 ] } },
{ "type": "Feature", "properties": { "color": "yellow", "type": "point" }, "geometry": { "type": "Point", "coordinates": [ -99.137771354104927, 18.886599357706793 ] } },
{ "type": "Feature", "properties": { "color": "yellow", "type": "point" }, "geometry": { "type": "Point", "coordinates": [ -99.664555903370982, 18.847070900102242 ] } },
{ "type": "Feature", "properties": { "color": "yellow", "type": "point" }, "geometry": { "type": "Point", "coordinates": [ -99.137771354104927, 18.886599357706793 ] } },
{ "type": "Feature", "properties": { "color": "yellow", "type": "point" }, "geometry": { "type": "Point", "coordinates": [ -99.67219057750944, 18.847043506541223 ] } },
{ "type": "Feature", "properties": { "color": "yellow", "type": "point" }, "geometry": { "type": "Point", "coordinates": [ -99.137767866249831, 18.882333370109656 ] } },
{ "type": "Feature", "properties": { "color": "yellow", "type": "point" }, "geometry": { "type": "Point", "coordinates": [ -99.67219057750944, 18.847043506541223 ] } },
{ "type": "Feature", "properties": { "color": "yellow", "type": "point" }, "geometry": { "type": "Point", "coordinates": [ -99.145404635879473, 18.882327556570285 ] } },
{ "type": "Feature", "properties": { "color": "yellow", "type": "point" }, "geometry": { "type": "Point", "coordinates": [ -99.67219057750944, 18.847043506541223 ] } },
{ "type": "Feature", "properties": { "color": "yellow", "type": "point" }, "geometry": { "type": "Point", "coordinates": [ -99.145408317072267, 18.886593542757364 ] } },
{ "type": "Feature", "properties": { "color": "yellow", "type": "point" }, "geometry": { "type": "Point", "coordinates": [ -99.67219057750944, 18.847043506541223 ] } },
{ "type": "Feature", "properties": { "color": "yellow", "type": "point" }, "geometry": { "type": "Point", "coordinates": [ -99.145408317072267, 18.886593542757364 ] } },
{ "type": "Feature", "properties": { "color": "yellow", "type": "point" }, "geometry": { "type": "Point", "coordinates": [ -99.67219057750944, 18.847043506541223 ] } },
{ "type": "Feature", "properties": { "color": "yellow", "type": "point" }, "geometry": { "type": "Point", "coordinates": [ -99.145408317072267, 18.886593542757364 ] } },
{ "type": "Feature", "properties": { "color": "yellow", "type": "point" }, "geometry": { "type": "Point", "coordinates": [ -99.664555903370982, 18.847070900102242 ] } },
{ "type": "Feature", "properties": { "color": "yellow", "type": "point" }, "geometry": { "type": "Point", "coordinates": [ -99.145408317072267, 18.886593542757364 ] } },
{ "type": "Feature", "properties": { "color": "yellow", "type": "point" }, "geometry": { "type": "Point", "coordinates": [ -99.67219057750944, 18.847043506541223 ] } },
{ "type": "Feature", "properties": { "color": "yellow", "type": "point" }, "geometry": { "type": "Point", "coordinates": [ -99.145408317072267, 18.886593542757364 ] } },
{ "type": "Feature", "properties": { "color": "yellow", "type": "point" }, "geometry": { "type": "Point", "coordinates": [ -99.67219057750944, 18.847043506541223 ] } },
{ "type": "Feature", "properties": { "color": "yellow", "type": "point" }, "geometry": { "type": "Point", "coordinates": [ -99.145408317072267, 18.886593542757364 ] } },
{ "type": "Feature", "properties": { "color": "yellow", "type": "point" }, "geometry": { "type": "Point", "coordinates": [ -99.67219057750944, 18.847043506541223 ] } },
{ "type": "Feature", "properties": { "color": "yellow", "type": "point" }, "geometry": { "type": "Point", "coordinates": [ -99.145404635879473, 18.882327556570285 ] } },
{ "type": "Feature", "properties": { "color": "yellow", "type": "point" }, "geometry": { "type": "Point", "coordinates": [ -99.67219057750944, 18.847043506541223 ] } },
{ "type": "Feature", "properties": { "color": "yellow", "type": "point" }, "geometry": { "type": "Point", "coordinates": [ -99.145404635879473, 18.882327556570285 ] } },
{ "type": "Feature", "properties": { "color": "yellow", "type": "point" }, "geometry": { "type": "Point", "coordinates": [ -99.67217359885656, 18.842777783595366 ] } },
{ "type": "Feature", "properties": { "color": "yellow", "type": "point" }, "geometry": { "type": "Point", "coordinates": [ -99.145404635879473, 18.882327556570285 ] } },
{ "type": "Feature", "properties": { "color": "yellow", "type": "point" }, "geometry": { "type": "Point", "coordinates": [ -99.67217359885656, 18.842777783595366 ] } },
{ "type": "Feature", "properties": { "color": "yellow", "type": "point" }, "geometry": { "type": "Point", "coordinates": [ -99.153041402641449, 18.882321429467325 ] } },
{ "type": "Feature", "properties": { "color": "yellow", "type": "point" }, "geometry": { "type": "Point", "coordinates": [ -99.67219057750944, 18.847043506541223 ] } },
{ "type": "Feature", "properties": { "color": "yellow", "type": "point" }, "geometry": { "type": "Point", "coordinates": [ -99.145404635879473, 18.882327556570285 ] } },
{ "type": "Feature", "properties": { "color": "yellow", "type": "point" }, "geometry": { "type": "Point", "coordinates": [ -99.679808066943679, 18.842750083907532 ] } },
{ "type": "Feature", "properties": { "color": "yellow", "type": "point" }, "geometry": { "type": "Point", "coordinates": [ -99.145404635879473, 18.882327556570285 ] } },
{ "type": "Feature", "properties": { "color": "yellow", "type": "point" }, "geometry": { "type": "Point", "coordinates": [ -99.67217359885656, 18.842777783595366 ] } },
{ "type": "Feature", "properties": { "color": "yellow", "type": "point" }, "geometry": { "type": "Point", "coordinates": [ -99.145404635879473, 18.882327556570285 ] } },
{ "type": "Feature", "properties": { "color": "yellow", "type": "point" }, "geometry": { "type": "Point", "coordinates": [ -99.67217359885656, 18.842777783595366 ] } },
{ "type": "Feature", "properties": { "color": "yellow", "type": "point" }, "geometry": { "type": "Point", "coordinates": [ -99.153037529150723, 18.878055442810933 ] } },
{ "type": "Feature", "properties": { "color": "yellow", "type": "point" }, "geometry": { "type": "Point", "coordinates": [ -99.67217359885656, 18.842777783595366 ] } },
{ "type": "Feature", "properties": { "color": "yellow", "type": "point" }, "geometry": { "type": "Point", "coordinates": [ -99.153037529150723, 18.878055442810933 ] } },
{ "type": "Feature", "properties": { "color": "yellow", "type": "point" }, "geometry": { "type": "Point", "coordinates": [ -99.67217359885656, 18.842777783595366 ] } },
{ "type": "Feature", "properties": { "color": "yellow", "type": "point" }, "geometry": { "type": "Point", "coordinates": [ -99.153041402641449, 18.882321429467325 ] } },
{ "type": "Feature", "properties": { "color": "yellow", "type": "point" }, "geometry": { "type": "Point", "coordinates": [ -99.67217359885656, 18.842777783595366 ] } },
{ "type": "Feature", "properties": { "color": "yellow", "type": "point" }, "geometry": { "type": "Point", "coordinates": [ -99.153037529150723, 18.878055442810933 ] } },
{ "type": "Feature", "properties": { "color": "yellow", "type": "point" }, "geometry": { "type": "Point", "coordinates": [ -99.67217359885656, 18.842777783595366 ] } },
{ "type": "Feature", "properties": { "color": "yellow", "type": "point" }, "geometry": { "type": "Point", "coordinates": [ -99.153033656699336, 18.873789454199478 ] } },
{ "type": "Feature", "properties": { "color": "yellow", "type": "point" }, "geometry": { "type": "Point", "coordinates": [ -99.679808066943679, 18.842750083907532 ] } },
{ "type": "Feature", "properties": { "color": "yellow", "type": "point" }, "geometry": { "type": "Point", "coordinates": [ -99.153037529150723, 18.878055442810933 ] } },
{ "type": "Feature", "properties": { "color": "yellow", "type": "point" }, "geometry": { "type": "Point", "coordinates": [ -99.679808066943679, 18.842750083907532 ] } },
{ "type": "Feature", "properties": { "color": "yellow", "type": "point" }, "geometry": { "type": "Point", "coordinates": [ -99.153033656699336, 18.873789454199478 ] } },
{ "type": "Feature", "properties": { "color": "yellow", "type": "point" }, "geometry": { "type": "Point", "coordinates": [ -99.679808066943679, 18.842750083907532 ] } },
{ "type": "Feature", "properties": { "color": "yellow", "type": "point" }, "geometry": { "type": "Point", "coordinates": [ -99.153033656699336, 18.873789454199478 ] } },
{ "type": "Feature", "properties": { "color": "yellow", "type": "point" }, "geometry": { "type": "Point", "coordinates": [ -99.679808066943679, 18.842750083907532 ] } },
{ "type": "Feature", "properties": { "color": "yellow", "type": "point" }, "geometry": { "type": "Point", "coordinates": [ -99.153033656699336, 18.873789454199478 ] } },
{ "type": "Feature", "properties": { "color": "yellow", "type": "point" }, "geometry": { "type": "Point", "coordinates": [ -99.679808066943679, 18.842750083907532 ] } },
{ "type": "Feature", "properties": { "color": "yellow", "type": "point" }, "geometry": { "type": "Point", "coordinates": [ -99.153029785287146, 18.869523463633357 ] } },
{ "type": "Feature", "properties": { "color": "yellow", "type": "point" }, "geometry": { "type": "Point", "coordinates": [ -99.679808066943679, 18.842750083907532 ] } },
{ "type": "Feature", "properties": { "color": "yellow", "type": "point" }, "geometry": { "type": "Point", "coordinates": [ -99.153029785287146, 18.869523463633357 ] } },
{ "type": "Feature", "properties": { "color": "yellow", "type": "point" }, "geometry": { "type": "Point", "coordinates": [ -99.679790900098155, 18.838484365725783 ] } },
{ "type": "Feature", "properties": { "color": "yellow", "type": "point" }, "geometry": { "type": "Point", "coordinates": [ -99.153029785287146, 18.869523463633357 ] } },
{ "type": "Feature", "properties": { "color": "yellow", "type": "point" }, "geometry": { "type": "Point", "coordinates": [ -99.679790900098155, 18.838484365725783 ] } },
{ "type": "Feature", "properties": { "color": "yellow", "type": "point" }, "geometry": { "type": "Point", "coordinates": [ -99.153029785287146, 18.869523463633357 ] } },
{ "type": "Feature", "properties": { "color": "yellow", "type": "point" }, "geometry": { "type": "Point", "coordinates": [ -99.679790900098155, 18.838484365725783 ] } },
{ "type": "Feature", "properties": { "color": "yellow", "type": "point" }, "geometry": { "type": "Point", "coordinates": [ -99.153029785287146, 18.869523463633357 ] } },
{ "type": "Feature", "properties": { "color": "yellow", "type": "point" }, "geometry": { "type": "Point", "coordinates": [ -99.679790900098155, 18.838484365725783 ] } },
{ "type": "Feature", "properties": { "color": "yellow", "type": "point" }, "geometry": { "type": "Point", "coordinates": [ -99.153029785287146, 18.869523463633357 ] } },
{ "type": "Feature", "properties": { "color": "yellow", "type": "point" }, "geometry": { "type": "Point", "coordinates": [ -99.679790900098155, 18.838484365725783 ] } },
{ "type": "Feature", "properties": { "color": "yellow", "type": "point" }, "geometry": { "type": "Point", "coordinates": [ -99.153029785287146, 18.869523463633357 ] } },
{ "type": "Feature", "properties": { "color": "yellow", "type": "point" }, "geometry": { "type": "Point", "coordinates": [ -99.679790900098155, 18.838484365725783 ] } },
{ "type": "Feature", "properties": { "color": "yellow", "type": "point" }, "geometry": { "type": "Point", "coordinates": [ -99.160665969330964, 18.869517027653362 ] } },
{ "type": "Feature", "properties": { "color": "yellow", "type": "point" }, "geometry": { "type": "Point", "coordinates": [ -99.679790900098155, 18.838484365725783 ] } },
{ "type": "Feature", "properties": { "color": "yellow", "type": "point" }, "geometry": { "type": "Point", "coordinates": [ -99.153029785287146, 18.869523463633357 ] } },
{ "type": "Feature", "properties": { "color": "yellow", "type": "point" }, "geometry": { "type": "Point", "coordinates": [ -99.679790900098155, 18.838484365725783 ] } },
{ "type": "Feature", "properties": { "color": "yellow", "type": "point" }, "geometry": { "type": "Point", "coordinates": [ -99.160665969330964, 18.869517027653362 ] } },
{ "type": "Feature", "properties": { "color": "yellow", "type": "point" }, "geometry": { "type": "Point", "coordinates": [ -99.679790900098155, 18.838484365725783 ] } },
{ "type": "Feature", "properties": { "color": "yellow", "type": "point" }, "geometry": { "type": "Point", "coordinates": [ -99.160665969330964, 18.869517027653362 ] } },
{ "type": "Feature", "properties": { "color": "yellow", "type": "point" }, "geometry": { "type": "Point", "coordinates": [ -99.679790900098155, 18.838484365725783 ] } },
{ "type": "Feature", "properties": { "color": "yellow", "type": "point" }, "geometry": { "type": "Point", "coordinates": [ -99.160665969330964, 18.869517027653362 ] } },
{ "type": "Feature", "properties": { "color": "yellow", "type": "point" }, "geometry": { "type": "Point", "coordinates": [ -99.679790900098155, 18.838484365725783 ] } },
{ "type": "Feature", "properties": { "color": "yellow", "type": "point" }, "geometry": { "type": "Point", "coordinates": [ -99.160665969330964, 18.869517027653362 ] } },
{ "type": "Feature", "properties": { "color": "yellow", "type": "point" }, "geometry": { "type": "Point", "coordinates": [ -99.679790900098155, 18.838484365725783 ] } },
{ "type": "Feature", "properties": { "color": "yellow", "type": "point" }, "geometry": { "type": "Point", "coordinates": [ -99.160665969330964, 18.869517027653362 ] } },
{ "type": "Feature", "properties": { "color": "yellow", "type": "point" }, "geometry": { "type": "Point", "coordinates": [ -99.679790900098155, 18.838484365725783 ] } },
{ "type": "Feature", "properties": { "color": "yellow", "type": "point" }, "geometry": { "type": "Point", "coordinates": [ -99.153029785287146, 18.869523463633357 ] } },
{ "type": "Feature", "properties": { "color": "yellow", "type": "point" }, "geometry": { "type": "Point", "coordinates": [ -99.672156624764767, 18.838512058683829 ] } },
{ "type": "Feature", "properties": { "color": "yellow", "type": "point" }, "geometry": { "type": "Point", "coordinates": [ -99.153029785287146, 18.869523463633357 ] } },
{ "type": "Feature", "properties": { "color": "yellow", "type": "point" }, "geometry": { "type": "Point", "coordinates": [ -99.672156624764767, 18.838512058683829 ] } },
{ "type": "Feature", "properties": { "color": "yellow", "type": "point" }, "geometry": { "type": "Point", "coordinates": [ -99.153029785287146, 18.869523463633357 ] } },
{ "type": "Feature", "properties": { "color": "yellow", "type": "point" }, "geometry": { "type": "Point", "coordinates": [ -99.679790900098155, 18.838484365725783 ] } },
{ "type": "Feature", "properties": { "color": "yellow", "type": "point" }, "geometry": { "type": "Point", "coordinates": [ -99.153029785287146, 18.869523463633357 ] } },
{ "type": "Feature", "properties": { "color": "yellow", "type": "point" }, "geometry": { "type": "Point", "coordinates": [ -99.679790900098155, 18.838484365725783 ] } },
{ "type": "Feature", "properties": { "color": "yellow", "type": "point" }, "geometry": { "type": "Point", "coordinates": [ -99.153029785287146, 18.869523463633357 ] } },
{ "type": "Feature", "properties": { "color": "yellow", "type": "point" }, "geometry": { "type": "Point", "coordinates": [ -99.679790900098155, 18.838484365725783 ] } },
{ "type": "Feature", "properties": { "color": "yellow", "type": "point" }, "geometry": { "type": "Point", "coordinates": [ -99.153029785287146, 18.869523463633357 ] } },
{ "type": "Feature", "properties": { "color": "yellow", "type": "point" }, "geometry": { "type": "Point", "coordinates": [ -99.679790900098155, 18.838484365725783 ] } },
{ "type": "Feature", "properties": { "color": "yellow", "type": "point" }, "geometry": { "type": "Point", "coordinates": [ -99.153029785287146, 18.869523463633357 ] } },
{ "type": "Feature", "properties": { "color": "yellow", "type": "point" }, "geometry": { "type": "Point", "coordinates": [ -99.679790900098155, 18.838484365725783 ] } },
{ "type": "Feature", "properties": { "color": "yellow", "type": "point" }, "geometry": { "type": "Point", "coordinates": [ -99.153029785287146, 18.869523463633357 ] } },
{ "type": "Feature", "properties": { "color": "yellow", "type": "point" }, "geometry": { "type": "Point", "coordinates": [ -99.67217359885656, 18.842777783595366 ] } },
{ "type": "Feature", "properties": { "color": "yellow", "type": "point" }, "geometry": { "type": "Point", "coordinates": [ -99.145393598226121, 18.869529586278418 ] } },
{ "type": "Feature", "properties": { "color": "yellow", "type": "point" }, "geometry": { "type": "Point", "coordinates": [ -99.67217359885656, 18.842777783595366 ] } },
{ "type": "Feature", "properties": { "color": "yellow", "type": "point" }, "geometry": { "type": "Point", "coordinates": [ -99.145397276456521, 18.873795578330434 ] } },
{ "type": "Feature", "properties": { "color": "yellow", "type": "point" }, "geometry": { "type": "Point", "coordinates": [ -99.67217359885656, 18.842777783595366 ] } },
{ "type": "Feature", "properties": { "color": "yellow", "type": "point" }, "geometry": { "type": "Point", "coordinates": [ -99.145397276456521, 18.873795578330434 ] } },
{ "type": "Feature", "properties": { "color": "yellow", "type": "point" }, "geometry": { "type": "Point", "coordinates": [ -99.664539117525166, 18.842805170502256 ] } },
{ "type": "Feature", "properties": { "color": "yellow", "type": "point" }, "geometry": { "type": "Point", "coordinates": [ -99.145397276456521, 18.873795578330434 ] } },
{ "type": "Feature", "properties": { "color": "yellow", "type": "point" }, "geometry": { "type": "Point", "coordinates": [ -99.664539117525166, 18.842805170502256 ] } },
{ "type": "Feature", "properties": { "color": "yellow", "type": "point" }, "geometry": { "type": "Point", "coordinates": [ -99.13776089334668, 18.873801389049902 ] } },
{ "type": "Feature", "properties": { "color": "yellow", "type": "point" }, "geometry": { "type": "Point", "coordinates": [ -99.664539117525166, 18.842805170502256 ] } },
{ "type": "Feature", "properties": { "color": "yellow", "type": "point" }, "geometry": { "type": "Point", "coordinates": [ -99.13776089334668, 18.873801389049902 ] } },
{ "type": "Feature", "properties": { "color": "yellow", "type": "point" }, "geometry": { "type": "Point", "coordinates": [ -99.664539117525166, 18.842805170502256 ] } },
{ "type": "Feature", "properties": { "color": "yellow", "type": "point" }, "geometry": { "type": "Point", "coordinates": [ -99.13776089334668, 18.873801389049902 ] } },
{ "type": "Feature", "properties": { "color": "yellow", "type": "point" }, "geometry": { "type": "Point", "coordinates": [ -99.664539117525166, 18.842805170502256 ] } },
{ "type": "Feature", "properties": { "color": "yellow", "type": "point" }, "geometry": { "type": "Point", "coordinates": [ -99.137764379330463, 18.878067380557237 ] } },
{ "type": "Feature", "properties": { "color": "yellow", "type": "point" }, "geometry": { "type": "Point", "coordinates": [ -99.664539117525166, 18.842805170502256 ] } },
{ "type": "Feature", "properties": { "color": "yellow", "type": "point" }, "geometry": { "type": "Point", "coordinates": [ -99.137764379330463, 18.878067380557237 ] } },
{ "type": "Feature", "properties": { "color": "yellow", "type": "point" }, "geometry": { "type": "Point", "coordinates": [ -99.664539117525166, 18.842805170502256 ] } },
{ "type": "Feature", "properties": { "color": "yellow", "type": "point" }, "geometry": { "type": "Point", "coordinates": [ -99.137767866249831, 18.882333370109656 ] } },
{ "type": "Feature", "properties": { "color": "yellow", "type": "point" }, "geometry": { "type": "Point", "coordinates": [ -99.65692121613715, 18.847097980803976 ] } },
{ "type": "Feature", "properties": { "color": "yellow", "type": "point" }, "geometry": { "type": "Point", "coordinates": [ -99.137767866249831, 18.882333370109656 ] } },
{ "type": "Feature", "properties": { "color": "yellow", "type": "point" }, "geometry": { "type": "Point", "coordinates": [ -99.664539117525166, 18.842805170502256 ] } },
{ "type": "Feature", "properties": { "color": "yellow", "type": "point" }, "geometry": { "type": "Point", "coordinates": [ -99.137767866249831, 18.882333370109656 ] } },
{ "type": "Feature", "properties": { "color": "yellow", "type": "point" }, "geometry": { "type": "Point", "coordinates": [ -99.664555903370982, 18.847070900102242 ] } },
{ "type": "Feature", "properties": { "color": "yellow", "type": "point" }, "geometry": { "type": "Point", "coordinates": [ -99.137767866249831, 18.882333370109656 ] } },
{ "type": "Feature", "properties": { "color": "yellow", "type": "point" }, "geometry": { "type": "Point", "coordinates": [ -99.649286515958337, 18.847124748644156 ] } },
{ "type": "Feature", "properties": { "color": "yellow", "type": "point" }, "geometry": { "type": "Point", "coordinates": [ -99.130131093903145, 18.882338870084943 ] } },
{ "type": "Feature", "properties": { "color": "yellow", "type": "point" }, "geometry": { "type": "Point", "coordinates": [ -99.65692121613715, 18.847097980803976 ] } },
{ "type": "Feature", "properties": { "color": "yellow", "type": "point" }, "geometry": { "type": "Point", "coordinates": [ -99.130134388420203, 18.886604859016089 ] } },
{ "type": "Feature", "properties": { "color": "yellow", "type": "point" }, "geometry": { "type": "Point", "coordinates": [ -99.65692121613715, 18.847097980803976 ] } },
{ "type": "Feature", "properties": { "color": "yellow", "type": "point" }, "geometry": { "type": "Point", "coordinates": [ -99.130134388420203, 18.886604859016089 ] } },
{ "type": "Feature", "properties": { "color": "yellow", "type": "point" }, "geometry": { "type": "Point", "coordinates": [ -99.65692121613715, 18.847097980803976 ] } },
{ "type": "Feature", "properties": { "color": "yellow", "type": "point" }, "geometry": { "type": "Point", "coordinates": [ -99.130134388420203, 18.886604859016089 ] } },
{ "type": "Feature", "properties": { "color": "yellow", "type": "point" }, "geometry": { "type": "Point", "coordinates": [ -99.649319329631794, 18.855656228109016 ] } },
{ "type": "Feature", "properties": { "color": "yellow", "type": "point" }, "geometry": { "type": "Point", "coordinates": [ -99.130134388420203, 18.886604859016089 ] } },
{ "type": "Feature", "properties": { "color": "yellow", "type": "point" }, "geometry": { "type": "Point", "coordinates": [ -99.649319329631794, 18.855656228109016 ] } },
{ "type": "Feature", "properties": { "color": "yellow", "type": "point" }, "geometry": { "type": "Point", "coordinates": [ -99.130134388420203, 18.886604859016089 ] } },
{ "type": "Feature", "properties": { "color": "yellow", "type": "point" }, "geometry": { "type": "Point", "coordinates": [ -99.649319329631794, 18.855656228109016 ] } },
{ "type": "Feature", "properties": { "color": "yellow", "type": "point" }, "geometry": { "type": "Point", "coordinates": [ -99.130137683821218, 18.890870845991639 ] } },
{ "type": "Feature", "properties": { "color": "yellow", "type": "point" }, "geometry": { "type": "Point", "coordinates": [ -99.649319329631794, 18.855656228109016 ] } },
{ "type": "Feature", "properties": { "color": "yellow", "type": "point" }, "geometry": { "type": "Point", "coordinates": [ -99.130137683821218, 18.890870845991639 ] } },
{ "type": "Feature", "properties": { "color": "yellow", "type": "point" }, "geometry": { "type": "Point", "coordinates": [ -99.649319329631794, 18.855656228109016 ] } },
{ "type": "Feature", "properties": { "color": "yellow", "type": "point" }, "geometry": { "type": "Point", "coordinates": [ -99.12250052217955, 18.890876034918339 ] } },
{ "type": "Feature", "properties": { "color": "yellow", "type": "point" }, "geometry": { "type": "Point", "coordinates": [ -99.649335743079163, 18.859921964892848 ] } },
{ "type": "Feature", "properties": { "color": "yellow", "type": "point" }, "geometry": { "type": "Point", "coordinates": [ -99.12250052217955, 18.890876034918339 ] } },
{ "type": "Feature", "properties": { "color": "yellow", "type": "point" }, "geometry": { "type": "Point", "coordinates": [ -99.649335743079163, 18.859921964892848 ] } },
{ "type": "Feature", "properties": { "color": "yellow", "type": "point" }, "geometry": { "type": "Point", "coordinates": [ -99.130137683821218, 18.890870845991639 ] } },
{ "type": "Feature", "properties": { "color": "yellow", "type": "point" }, "geometry": { "type": "Point", "coordinates": [ -99.649335743079163, 18.859921964892848 ] } },
{ "type": "Feature", "properties": { "color": "yellow", "type": "point" }, "geometry": { "type": "Point", "coordinates": [ -99.130140980106262, 18.895136831011214 ] } },
{ "type": "Feature", "properties": { "color": "yellow", "type": "point" }, "geometry": { "type": "Point", "coordinates": [ -99.649335743079163, 18.859921964892848 ] } },
{ "type": "Feature", "properties": { "color": "yellow", "type": "point" }, "geometry": { "type": "Point", "coordinates": [ -99.122503625022532, 18.895142021195991 ] } },
{ "type": "Feature", "properties": { "color": "yellow", "type": "point" }, "geometry": { "type": "Point", "coordinates": [ -99.649319329631794, 18.855656228109016 ] } },
{ "type": "Feature", "properties": { "color": "yellow", "type": "point" }, "geometry": { "type": "Point", "coordinates": [ -99.122503625022532, 18.895142021195991 ] } },
{ "type": "Feature", "properties": { "color": "yellow", "type": "point" }, "geometry": { "type": "Point", "coordinates": [ -99.656971021999084, 18.859895177544363 ] } },
{ "type": "Feature", "properties": { "color": "yellow", "type": "point" }, "geometry": { "type": "Point", "coordinates": [ -99.122503625022532, 18.895142021195991 ] } },
{ "type": "Feature", "properties": { "color": "yellow", "type": "point" }, "geometry": { "type": "Point", "coordinates": [ -99.656971021999084, 18.859895177544363 ] } },
{ "type": "Feature", "properties": { "color": "yellow", "type": "point" }, "geometry": { "type": "Point", "coordinates": [ -99.130140980106262, 18.895136831011214 ] } },
{ "type": "Feature", "properties": { "color": "yellow", "type": "point" }, "geometry": { "type": "Point", "coordinates": [ -99.656971021999084, 18.859895177544363 ] } },
{ "type": "Feature", "properties": { "color": "yellow", "type": "point" }, "geometry": { "type": "Point", "coordinates": [ -99.130140980106262, 18.895136831011214 ] } },
{ "type": "Feature", "properties": { "color": "yellow", "type": "point" }, "geometry": { "type": "Point", "coordinates": [ -99.656971021999084, 18.859895177544363 ] } },
{ "type": "Feature", "properties": { "color": "yellow", "type": "point" }, "geometry": { "type": "Point", "coordinates": [ -99.130140980106262, 18.895136831011214 ] } },
{ "type": "Feature", "properties": { "color": "yellow", "type": "point" }, "geometry": { "type": "Point", "coordinates": [ -99.656971021999084, 18.859895177544363 ] } },
{ "type": "Feature", "properties": { "color": "yellow", "type": "point" }, "geometry": { "type": "Point", "coordinates": [ -99.130140980106262, 18.895136831011214 ] } },
{ "type": "Feature", "properties": { "color": "yellow", "type": "point" }, "geometry": { "type": "Point", "coordinates": [ -99.649352160934299, 18.86418769971046 ] } },
{ "type": "Feature", "properties": { "color": "yellow", "type": "point" }, "geometry": { "type": "Point", "coordinates": [ -99.130144277275477, 18.899402814074449 ] } },
{ "type": "Feature", "properties": { "color": "yellow", "type": "point" }, "geometry": { "type": "Point", "coordinates": [ -99.649335743079163, 18.859921964892848 ] } },
{ "type": "Feature", "properties": { "color": "yellow", "type": "point" }, "geometry": { "type": "Point", "coordinates": [ -99.130140980106262, 18.895136831011214 ] } },
{ "type": "Feature", "properties": { "color": "yellow", "type": "point" }, "geometry": { "type": "Point", "coordinates": [ -99.649335743079163, 18.859921964892848 ] } },
{ "type": "Feature", "properties": { "color": "yellow", "type": "point" }, "geometry": { "type": "Point", "coordinates": [ -99.130144277275477, 18.899402814074449 ] } },
{ "type": "Feature", "properties": { "color": "yellow", "type": "point" }, "geometry": { "type": "Point", "coordinates": [ -99.656971021999084, 18.859895177544363 ] } },
{ "type": "Feature", "properties": { "color": "yellow", "type": "point" }, "geometry": { "type": "Point", "coordinates": [ -99.130144277275477, 18.899402814074449 ] } },
{ "type": "Feature", "properties": { "color": "yellow", "type": "point" }, "geometry": { "type": "Point", "coordinates": [ -99.656987632871562, 18.864160905858562 ] } },
{ "type": "Feature", "properties": { "color": "yellow", "type": "point" }, "geometry": { "type": "Point", "coordinates": [ -99.130144277275477, 18.899402814074449 ] } },
{ "type": "Feature", "properties": { "color": "yellow", "type": "point" }, "geometry": { "type": "Point", "coordinates": [ -99.656987632871562, 18.864160905858562 ] } },
{ "type": "Feature", "properties": { "color": "yellow", "type": "point" }, "geometry": { "type": "Point", "coordinates": [ -99.137781823285536, 18.899397308762751 ] } },
{ "type": "Feature", "properties": { "color": "yellow", "type": "point" }, "geometry": { "type": "Point", "coordinates": [ -99.656987632871562, 18.864160905858562 ] } },
{ "type": "Feature", "properties": { "color": "yellow", "type": "point" }, "geometry": { "type": "Point", "coordinates": [ -99.137781823285536, 18.899397308762751 ] } },
{ "type": "Feature", "properties": { "color": "yellow", "type": "point" }, "geometry": { "type": "Point", "coordinates": [ -99.664623091857834, 18.864133798841074 ] } },
{ "type": "Feature", "properties": { "color": "yellow", "type": "point" }, "geometry": { "type": "Point", "coordinates": [ -99.137781823285536, 18.899397308762751 ] } },
{ "type": "Feature", "properties": { "color": "yellow", "type": "point" }, "geometry": { "type": "Point", "coordinates": [ -99.664623091857834, 18.864133798841074 ] } },
{ "type": "Feature", "properties": { "color": "yellow", "type": "point" }, "geometry": { "type": "Point", "coordinates": [ -99.137781823285536, 18.899397308762751 ] } },
{ "type": "Feature", "properties": { "color": "yellow", "type": "point" }, "geometry": { "type": "Point", "coordinates": [ -99.664623091857834, 18.864133798841074 ] } },
{ "type": "Feature", "properties": { "color": "yellow", "type": "point" }, "geometry": { "type": "Point", "coordinates": [ -99.137781823285536, 18.899397308762751 ] } },
{ "type": "Feature", "properties": { "color": "yellow", "type": "point" }, "geometry": { "type": "Point", "coordinates": [ -99.672258537742621, 18.864106378660303 ] } },
{ "type": "Feature", "properties": { "color": "yellow", "type": "point" }, "geometry": { "type": "Point", "coordinates": [ -99.137781823285536, 18.899397308762751 ] } },
{ "type": "Feature", "properties": { "color": "yellow", "type": "point" }, "geometry": { "type": "Point", "coordinates": [ -99.664623091857834, 18.864133798841074 ] } },
{ "type": "Feature", "properties": { "color": "yellow", "type": "point" }, "geometry": { "type": "Point", "coordinates": [ -99.145419366577272, 18.89939148958274 ] } },
{ "type": "Feature", "properties": { "color": "yellow", "type": "point" }, "geometry": { "type": "Point", "coordinates": [ -99.672258537742621, 18.864106378660303 ] } },
{ "type": "Feature", "properties": { "color": "yellow", "type": "point" }, "geometry": { "type": "Point", "coordinates": [ -99.145419366577272, 18.89939148958274 ] } },
{ "type": "Feature", "properties": { "color": "yellow", "type": "point" }, "geometry": { "type": "Point", "coordinates": [ -99.672275539208982, 18.868372091772088 ] } },
{ "type": "Feature", "properties": { "color": "yellow", "type": "point" }, "geometry": { "type": "Point", "coordinates": [ -99.145419366577272, 18.89939148958274 ] } },
{ "type": "Feature", "properties": { "color": "yellow", "type": "point" }, "geometry": { "type": "Point", "coordinates": [ -99.664639900258067, 18.868399518608612 ] } },
{ "type": "Feature", "properties": { "color": "yellow", "type": "point" }, "geometry": { "type": "Point", "coordinates": [ -99.145419366577272, 18.89939148958274 ] } },
{ "type": "Feature", "properties": { "color": "yellow", "type": "point" }, "geometry": { "type": "Point", "coordinates": [ -99.672275539208982, 18.868372091772088 ] } },
{ "type": "Feature", "properties": { "color": "yellow", "type": "point" }, "geometry": { "type": "Point", "coordinates": [ -99.145423051721522, 18.903657467944658 ] } },
{ "type": "Feature", "properties": { "color": "yellow", "type": "point" }, "geometry": { "type": "Point", "coordinates": [ -99.672275539208982, 18.868372091772088 ] } },
{ "type": "Feature", "properties": { "color": "yellow", "type": "point" }, "geometry": { "type": "Point", "coordinates": [ -99.145423051721522, 18.903657467944658 ] } },
{ "type": "Feature", "properties": { "color": "yellow", "type": "point" }, "geometry": { "type": "Point", "coordinates": [ -99.672275539208982, 18.868372091772088 ] } },
{ "type": "Feature", "properties": { "color": "yellow", "type": "point" }, "geometry": { "type": "Point", "coordinates": [ -99.153060785689149, 18.903651333410419 ] } },
{ "type": "Feature", "properties": { "color": "yellow", "type": "point" }, "geometry": { "type": "Point", "coordinates": [ -99.672275539208982, 18.868372091772088 ] } },
{ "type": "Feature", "properties": { "color": "yellow", "type": "point" }, "geometry": { "type": "Point", "coordinates": [ -99.153056907, 18.899385356534907 ] } },
{ "type": "Feature", "properties": { "color": "yellow", "type": "point" }, "geometry": { "type": "Point", "coordinates": [ -99.67989397037546, 18.864078645318575 ] } },
{ "type": "Feature", "properties": { "color": "yellow", "type": "point" }, "geometry": { "type": "Point", "coordinates": [ -99.153056907, 18.899385356534907 ] } },
{ "type": "Feature", "properties": { "color": "yellow", "type": "point" }, "geometry": { "type": "Point", "coordinates": [ -99.672275539208982, 18.868372091772088 ] } },
{ "type": "Feature", "properties": { "color": "yellow", "type": "point" }, "geometry": { "type": "Point", "coordinates": [ -99.153056907, 18.899385356534907 ] } },
{ "type": "Feature", "properties": { "color": "yellow", "type": "point" }, "geometry": { "type": "Point", "coordinates": [ -99.6799111649064, 18.868344351698596 ] } },
{ "type": "Feature", "properties": { "color": "yellow", "type": "point" }, "geometry": { "type": "Point", "coordinates": [ -99.153056907, 18.899385356534907 ] } },
{ "type": "Feature", "properties": { "color": "yellow", "type": "point" }, "geometry": { "type": "Point", "coordinates": [ -99.67989397037546, 18.864078645318575 ] } },
{ "type": "Feature", "properties": { "color": "yellow", "type": "point" }, "geometry": { "type": "Point", "coordinates": [ -99.16069444440302, 18.89937890961977 ] } },
{ "type": "Feature", "properties": { "color": "yellow", "type": "point" }, "geometry": { "type": "Point", "coordinates": [ -99.67989397037546, 18.864078645318575 ] } },
{ "type": "Feature", "properties": { "color": "yellow", "type": "point" }, "geometry": { "type": "Point", "coordinates": [ -99.16069444440302, 18.89937890961977 ] } },
{ "type": "Feature", "properties": { "color": "yellow", "type": "point" }, "geometry": { "type": "Point", "coordinates": [ -99.687529389605857, 18.864050598818263 ] } },
{ "type": "Feature", "properties": { "color": "yellow", "type": "point" }, "geometry": { "type": "Point", "coordinates": [ -99.16069444440302, 18.89937890961977 ] } },
{ "type": "Feature", "properties": { "color": "yellow", "type": "point" }, "geometry": { "type": "Point", "coordinates": [ -99.687529389605857, 18.864050598818263 ] } },
{ "type": "Feature", "properties": { "color": "yellow", "type": "point" }, "geometry": { "type": "Point", "coordinates": [ -99.16069444440302, 18.89937890961977 ] } },
{ "type": "Feature", "properties": { "color": "yellow", "type": "point" }, "geometry": { "type": "Point", "coordinates": [ -99.687529389605857, 18.864050598818263 ] } },
{ "type": "Feature", "properties": { "color": "yellow", "type": "point" }, "geometry": { "type": "Point", "coordinates": [ -99.16069444440302, 18.89937890961977 ] } },
{ "type": "Feature", "properties": { "color": "yellow", "type": "point" }, "geometry": { "type": "Point", "coordinates": [ -99.687529389605857, 18.864050598818263 ] } },
{ "type": "Feature", "properties": { "color": "yellow", "type": "point" }, "geometry": { "type": "Point", "coordinates": [ -99.16069444440302, 18.89937890961977 ] } },
{ "type": "Feature", "properties": { "color": "yellow", "type": "point" }, "geometry": { "type": "Point", "coordinates": [ -99.687529389605857, 18.864050598818263 ] } },
{ "type": "Feature", "properties": { "color": "yellow", "type": "point" }, "geometry": { "type": "Point", "coordinates": [ -99.16069444440302, 18.89937890961977 ] } },
{ "type": "Feature", "properties": { "color": "yellow", "type": "point" }, "geometry": { "type": "Point", "coordinates": [ -99.687529389605857, 18.864050598818263 ] } },
{ "type": "Feature", "properties": { "color": "yellow", "type": "point" }, "geometry": { "type": "Point", "coordinates": [ -99.160690373261133, 18.895112932349711 ] } },
{ "type": "Feature", "properties": { "color": "yellow", "type": "point" }, "geometry": { "type": "Point", "coordinates": [ -99.687529389605857, 18.864050598818263 ] } },
{ "type": "Feature", "properties": { "color": "yellow", "type": "point" }, "geometry": { "type": "Point", "coordinates": [ -99.168327714001521, 18.895106173206283 ] } },
{ "type": "Feature", "properties": { "color": "yellow", "type": "point" }, "geometry": { "type": "Point", "coordinates": [ -99.687529389605857, 18.864050598818263 ] } },
{ "type": "Feature", "properties": { "color": "yellow", "type": "point" }, "geometry": { "type": "Point", "coordinates": [ -99.168331978635692, 18.899372148837877 ] } },
{ "type": "Feature", "properties": { "color": "yellow", "type": "point" }, "geometry": { "type": "Point", "coordinates": [ -99.687529389605857, 18.864050598818263 ] } },
{ "type": "Feature", "properties": { "color": "yellow", "type": "point" }, "geometry": { "type": "Point", "coordinates": [ -99.168331978635692, 18.899372148837877 ] } },
{ "type": "Feature", "properties": { "color": "yellow", "type": "point" }, "geometry": { "type": "Point", "coordinates": [ -99.687529389605857, 18.864050598818263 ] } },
{ "type": "Feature", "properties": { "color": "yellow", "type": "point" }, "geometry": { "type": "Point", "coordinates": [ -99.168331978635692, 18.899372148837877 ] } },
{ "type": "Feature", "properties": { "color": "yellow", "type": "point" }, "geometry": { "type": "Point", "coordinates": [ -99.687529389605857, 18.864050598818263 ] } },
{ "type": "Feature", "properties": { "color": "yellow", "type": "point" }, "geometry": { "type": "Point", "coordinates": [ -99.168331978635692, 18.899372148837877 ] } },
{ "type": "Feature", "properties": { "color": "yellow", "type": "point" }, "geometry": { "type": "Point", "coordinates": [ -99.687529389605857, 18.864050598818263 ] } },
{ "type": "Feature", "properties": { "color": "yellow", "type": "point" }, "geometry": { "type": "Point", "coordinates": [ -99.168331978635692, 18.899372148837877 ] } },
{ "type": "Feature", "properties": { "color": "yellow", "type": "point" }, "geometry": { "type": "Point", "coordinates": [ -99.687529389605857, 18.864050598818263 ] } },
{ "type": "Feature", "properties": { "color": "yellow", "type": "point" }, "geometry": { "type": "Point", "coordinates": [ -99.168331978635692, 18.899372148837877 ] } },
{ "type": "Feature", "properties": { "color": "yellow", "type": "point" }, "geometry": { "type": "Point", "coordinates": [ -99.687529389605857, 18.864050598818263 ] } },
{ "type": "Feature", "properties": { "color": "yellow", "type": "point" }, "geometry": { "type": "Point", "coordinates": [ -99.16069444440302, 18.89937890961977 ] } },
{ "type": "Feature", "properties": { "color": "yellow", "type": "point" }, "geometry": { "type": "Point", "coordinates": [ -99.687529389605857, 18.864050598818263 ] } },
{ "type": "Feature", "properties": { "color": "yellow", "type": "point" }, "geometry": { "type": "Point", "coordinates": [ -99.16069444440302, 18.89937890961977 ] } },
{ "type": "Feature", "properties": { "color": "yellow", "type": "point" }, "geometry": { "type": "Point", "coordinates": [ -99.687529389605857, 18.864050598818263 ] } },
{ "type": "Feature", "properties": { "color": "yellow", "type": "point" }, "geometry": { "type": "Point", "coordinates": [ -99.16069444440302, 18.89937890961977 ] } },
{ "type": "Feature", "properties": { "color": "yellow", "type": "point" }, "geometry": { "type": "Point", "coordinates": [ -99.679876780460091, 18.859812936970659 ] } },
{ "type": "Feature", "properties": { "color": "yellow", "type": "point" }, "geometry": { "type": "Point", "coordinates": [ -99.160690373261133, 18.895112932349711 ] } },
{ "type": "Feature", "properties": { "color": "yellow", "type": "point" }, "geometry": { "type": "Point", "coordinates": [ -99.679876780460091, 18.859812936970659 ] } },
{ "type": "Feature", "properties": { "color": "yellow", "type": "point" }, "geometry": { "type": "Point", "coordinates": [ -99.160690373261133, 18.895112932349711 ] } },
{ "type": "Feature", "properties": { "color": "yellow", "type": "point" }, "geometry": { "type": "Point", "coordinates": [ -99.679876780460091, 18.859812936970659 ] } },
{ "type": "Feature", "properties": { "color": "yellow", "type": "point" }, "geometry": { "type": "Point", "coordinates": [ -99.160690373261133, 18.895112932349711 ] } },
{ "type": "Feature", "properties": { "color": "yellow", "type": "point" }, "geometry": { "type": "Point", "coordinates": [ -99.679876780460091, 18.859812936970659 ] } },
{ "type": "Feature", "properties": { "color": "yellow", "type": "point" }, "geometry": { "type": "Point", "coordinates": [ -99.160690373261133, 18.895112932349711 ] } },
{ "type": "Feature", "properties": { "color": "yellow", "type": "point" }, "geometry": { "type": "Point", "coordinates": [ -99.679876780460091, 18.859812936970659 ] } },
{ "type": "Feature", "properties": { "color": "yellow", "type": "point" }, "geometry": { "type": "Point", "coordinates": [ -99.160690373261133, 18.895112932349711 ] } },
{ "type": "Feature", "properties": { "color": "yellow", "type": "point" }, "geometry": { "type": "Point", "coordinates": [ -99.679876780460091, 18.859812936970659 ] } },
{ "type": "Feature", "properties": { "color": "yellow", "type": "point" }, "geometry": { "type": "Point", "coordinates": [ -99.160690373261133, 18.895112932349711 ] } },
{ "type": "Feature", "properties": { "color": "yellow", "type": "point" }, "geometry": { "type": "Point", "coordinates": [ -99.672224548500637, 18.855574946534393 ] } },
{ "type": "Feature", "properties": { "color": "yellow", "type": "point" }, "geometry": { "type": "Point", "coordinates": [ -99.153053029350758, 18.895119377702461 ] } },
{ "type": "Feature", "properties": { "color": "yellow", "type": "point" }, "geometry": { "type": "Point", "coordinates": [ -99.67224154084002, 18.859840663580943 ] } },
{ "type": "Feature", "properties": { "color": "yellow", "type": "point" }, "geometry": { "type": "Point", "coordinates": [ -99.153053029350758, 18.895119377702461 ] } },
{ "type": "Feature", "properties": { "color": "yellow", "type": "point" }, "geometry": { "type": "Point", "coordinates": [ -99.672258537742621, 18.864106378660303 ] } },
{ "type": "Feature", "properties": { "color": "yellow", "type": "point" }, "geometry": { "type": "Point", "coordinates": [ -99.153053029350758, 18.895119377702461 ] } },
{ "type": "Feature", "properties": { "color": "yellow", "type": "point" }, "geometry": { "type": "Point", "coordinates": [ -99.672258537742621, 18.864106378660303 ] } },
{ "type": "Feature", "properties": { "color": "yellow", "type": "point" }, "geometry": { "type": "Point", "coordinates": [ -99.153053029350758, 18.895119377702461 ] } },
{ "type": "Feature", "properties": { "color": "yellow", "type": "point" }, "geometry": { "type": "Point", "coordinates": [ -99.67224154084002, 18.859840663580943 ] } },
{ "type": "Feature", "properties": { "color": "yellow", "type": "point" }, "geometry": { "type": "Point", "coordinates": [ -99.153053029350758, 18.895119377702461 ] } },
{ "type": "Feature", "properties": { "color": "yellow", "type": "point" }, "geometry": { "type": "Point", "coordinates": [ -99.672258537742621, 18.864106378660303 ] } },
{ "type": "Feature", "properties": { "color": "yellow", "type": "point" }, "geometry": { "type": "Point", "coordinates": [ -99.153053029350758, 18.895119377702461 ] } },
{ "type": "Feature", "properties": { "color": "yellow", "type": "point" }, "geometry": { "type": "Point", "coordinates": [ -99.679876780460091, 18.859812936970659 ] } },
{ "type": "Feature", "properties": { "color": "yellow", "type": "point" }, "geometry": { "type": "Point", "coordinates": [ -99.153053029350758, 18.895119377702461 ] } },
{ "type": "Feature", "properties": { "color": "yellow", "type": "point" }, "geometry": { "type": "Point", "coordinates": [ -99.679876780460091, 18.859812936970659 ] } },
{ "type": "Feature", "properties": { "color": "yellow", "type": "point" }, "geometry": { "type": "Point", "coordinates": [ -99.153053029350758, 18.895119377702461 ] } },
{ "type": "Feature", "properties": { "color": "yellow", "type": "point" }, "geometry": { "type": "Point", "coordinates": [ -99.67224154084002, 18.859840663580943 ] } },
{ "type": "Feature", "properties": { "color": "yellow", "type": "point" }, "geometry": { "type": "Point", "coordinates": [ -99.153053029350758, 18.895119377702461 ] } },
{ "type": "Feature", "properties": { "color": "yellow", "type": "point" }, "geometry": { "type": "Point", "coordinates": [ -99.679876780460091, 18.859812936970659 ] } },
{ "type": "Feature", "properties": { "color": "yellow", "type": "point" }, "geometry": { "type": "Point", "coordinates": [ -99.160690373261133, 18.895112932349711 ] } },
{ "type": "Feature", "properties": { "color": "yellow", "type": "point" }, "geometry": { "type": "Point", "coordinates": [ -99.679876780460091, 18.859812936970659 ] } },
{ "type": "Feature", "properties": { "color": "yellow", "type": "point" }, "geometry": { "type": "Point", "coordinates": [ -99.160690373261133, 18.895112932349711 ] } },
{ "type": "Feature", "properties": { "color": "yellow", "type": "point" }, "geometry": { "type": "Point", "coordinates": [ -99.679876780460091, 18.859812936970659 ] } },
{ "type": "Feature", "properties": { "color": "yellow", "type": "point" }, "geometry": { "type": "Point", "coordinates": [ -99.160690373261133, 18.895112932349711 ] } },
{ "type": "Feature", "properties": { "color": "yellow", "type": "point" }, "geometry": { "type": "Point", "coordinates": [ -99.679876780460091, 18.859812936970659 ] } },
{ "type": "Feature", "properties": { "color": "yellow", "type": "point" }, "geometry": { "type": "Point", "coordinates": [ -99.160686303210952, 18.890846953123045 ] } },
{ "type": "Feature", "properties": { "color": "yellow", "type": "point" }, "geometry": { "type": "Point", "coordinates": [ -99.679859595159769, 18.855547226655212 ] } },
{ "type": "Feature", "properties": { "color": "yellow", "type": "point" }, "geometry": { "type": "Point", "coordinates": [ -99.153049152741346, 18.890853396913471 ] } },
{ "type": "Feature", "properties": { "color": "yellow", "type": "point" }, "geometry": { "type": "Point", "coordinates": [ -99.679876780460091, 18.859812936970659 ] } },
{ "type": "Feature", "properties": { "color": "yellow", "type": "point" }, "geometry": { "type": "Point", "coordinates": [ -99.153049152741346, 18.890853396913471 ] } },
{ "type": "Feature", "properties": { "color": "yellow", "type": "point" }, "geometry": { "type": "Point", "coordinates": [ -99.679876780460091, 18.859812936970659 ] } },
{ "type": "Feature", "properties": { "color": "yellow", "type": "point" }, "geometry": { "type": "Point", "coordinates": [ -99.153049152741346, 18.890853396913471 ] } },
{ "type": "Feature", "properties": { "color": "yellow", "type": "point" }, "geometry": { "type": "Point", "coordinates": [ -99.679876780460091, 18.859812936970659 ] } },
{ "type": "Feature", "properties": { "color": "yellow", "type": "point" }, "geometry": { "type": "Point", "coordinates": [ -99.153049152741346, 18.890853396913471 ] } },
{ "type": "Feature", "properties": { "color": "yellow", "type": "point" }, "geometry": { "type": "Point", "coordinates": [ -99.679876780460091, 18.859812936970659 ] } },
{ "type": "Feature", "properties": { "color": "yellow", "type": "point" }, "geometry": { "type": "Point", "coordinates": [ -99.153049152741346, 18.890853396913471 ] } },
{ "type": "Feature", "properties": { "color": "yellow", "type": "point" }, "geometry": { "type": "Point", "coordinates": [ -99.679876780460091, 18.859812936970659 ] } },
{ "type": "Feature", "properties": { "color": "yellow", "type": "point" }, "geometry": { "type": "Point", "coordinates": [ -99.153053029350758, 18.895119377702461 ] } },
{ "type": "Feature", "properties": { "color": "yellow", "type": "point" }, "geometry": { "type": "Point", "coordinates": [ -99.67224154084002, 18.859840663580943 ] } },
{ "type": "Feature", "properties": { "color": "yellow", "type": "point" }, "geometry": { "type": "Point", "coordinates": [ -99.153049152741346, 18.890853396913471 ] } },
{ "type": "Feature", "properties": { "color": "yellow", "type": "point" }, "geometry": { "type": "Point", "coordinates": [ -99.679876780460091, 18.859812936970659 ] } },
{ "type": "Feature", "properties": { "color": "yellow", "type": "point" }, "geometry": { "type": "Point", "coordinates": [ -99.145411999252758, 18.89085952698872 ] } },
{ "type": "Feature", "properties": { "color": "yellow", "type": "point" }, "geometry": { "type": "Point", "coordinates": [ -99.679876780460091, 18.859812936970659 ] } },
{ "type": "Feature", "properties": { "color": "yellow", "type": "point" }, "geometry": { "type": "Point", "coordinates": [ -99.153049152741346, 18.890853396913471 ] } },
{ "type": "Feature", "properties": { "color": "yellow", "type": "point" }, "geometry": { "type": "Point", "coordinates": [ -99.67224154084002, 18.859840663580943 ] } },
{ "type": "Feature", "properties": { "color": "yellow", "type": "point" }, "geometry": { "type": "Point", "coordinates": [ -99.153053029350758, 18.895119377702461 ] } },
{ "type": "Feature", "properties": { "color": "yellow", "type": "point" }, "geometry": { "type": "Point", "coordinates": [ -99.67224154084002, 18.859840663580943 ] } },
{ "type": "Feature", "properties": { "color": "yellow", "type": "point" }, "geometry": { "type": "Point", "coordinates": [ -99.153049152741346, 18.890853396913471 ] } },
{ "type": "Feature", "properties": { "color": "yellow", "type": "point" }, "geometry": { "type": "Point", "coordinates": [ -99.679876780460091, 18.859812936970659 ] } },
{ "type": "Feature", "properties": { "color": "yellow", "type": "point" }, "geometry": { "type": "Point", "coordinates": [ -99.153049152741346, 18.890853396913471 ] } },
{ "type": "Feature", "properties": { "color": "yellow", "type": "point" }, "geometry": { "type": "Point", "coordinates": [ -99.67224154084002, 18.859840663580943 ] } },
{ "type": "Feature", "properties": { "color": "yellow", "type": "point" }, "geometry": { "type": "Point", "coordinates": [ -99.153049152741346, 18.890853396913471 ] } },
{ "type": "Feature", "properties": { "color": "yellow", "type": "point" }, "geometry": { "type": "Point", "coordinates": [ -99.67224154084002, 18.859840663580943 ] } },
{ "type": "Feature", "properties": { "color": "yellow", "type": "point" }, "geometry": { "type": "Point", "coordinates": [ -99.153049152741346, 18.890853396913471 ] } },
{ "type": "Feature", "properties": { "color": "yellow", "type": "point" }, "geometry": { "type": "Point", "coordinates": [ -99.672258537742621, 18.864106378660303 ] } },
{ "type": "Feature", "properties": { "color": "yellow", "type": "point" }, "geometry": { "type": "Point", "coordinates": [ -99.153053029350758, 18.895119377702461 ] } },
{ "type": "Feature", "properties": { "color": "yellow", "type": "point" }, "geometry": { "type": "Point", "coordinates": [ -99.67989397037546, 18.864078645318575 ] } },
{ "type": "Feature", "properties": { "color": "yellow", "type": "point" }, "geometry": { "type": "Point", "coordinates": [ -99.16069444440302, 18.89937890961977 ] } },
{ "type": "Feature", "properties": { "color": "yellow", "type": "point" }, "geometry": { "type": "Point", "coordinates": [ -99.67989397037546, 18.864078645318575 ] } },
{ "type": "Feature", "properties": { "color": "yellow", "type": "point" }, "geometry": { "type": "Point", "coordinates": [ -99.160690373261133, 18.895112932349711 ] } },
{ "type": "Feature", "properties": { "color": "yellow", "type": "point" }, "geometry": { "type": "Point", "coordinates": [ -99.67989397037546, 18.864078645318575 ] } },
{ "type": "Feature", "properties": { "color": "yellow", "type": "point" }, "geometry": { "type": "Point", "coordinates": [ -99.160690373261133, 18.895112932349711 ] } },
{ "type": "Feature", "properties": { "color": "yellow", "type": "point" }, "geometry": { "type": "Point", "coordinates": [ -99.67989397037546, 18.864078645318575 ] } },
{ "type": "Feature", "properties": { "color": "yellow", "type": "point" }, "geometry": { "type": "Point", "coordinates": [ -99.160690373261133, 18.895112932349711 ] } },
{ "type": "Feature", "properties": { "color": "yellow", "type": "point" }, "geometry": { "type": "Point", "coordinates": [ -99.687529389605857, 18.864050598818263 ] } },
{ "type": "Feature", "properties": { "color": "yellow", "type": "point" }, "geometry": { "type": "Point", "coordinates": [ -99.160686303210952, 18.890846953123045 ] } },
{ "type": "Feature", "properties": { "color": "yellow", "type": "point" }, "geometry": { "type": "Point", "coordinates": [ -99.67989397037546, 18.864078645318575 ] } },
{ "type": "Feature", "properties": { "color": "yellow", "type": "point" }, "geometry": { "type": "Point", "coordinates": [ -99.160690373261133, 18.895112932349711 ] } },
{ "type": "Feature", "properties": { "color": "yellow", "type": "point" }, "geometry": { "type": "Point", "coordinates": [ -99.67989397037546, 18.864078645318575 ] } },
{ "type": "Feature", "properties": { "color": "yellow", "type": "point" }, "geometry": { "type": "Point", "coordinates": [ -99.160686303210952, 18.890846953123045 ] } },
{ "type": "Feature", "properties": { "color": "yellow", "type": "point" }, "geometry": { "type": "Point", "coordinates": [ -99.67989397037546, 18.864078645318575 ] } },
{ "type": "Feature", "properties": { "color": "yellow", "type": "point" }, "geometry": { "type": "Point", "coordinates": [ -99.160686303210952, 18.890846953123045 ] } },
{ "type": "Feature", "properties": { "color": "yellow", "type": "point" }, "geometry": { "type": "Point", "coordinates": [ -99.67989397037546, 18.864078645318575 ] } },
{ "type": "Feature", "properties": { "color": "yellow", "type": "point" }, "geometry": { "type": "Point", "coordinates": [ -99.160690373261133, 18.895112932349711 ] } },
{ "type": "Feature", "properties": { "color": "yellow", "type": "point" }, "geometry": { "type": "Point", "coordinates": [ -99.67989397037546, 18.864078645318575 ] } },
{ "type": "Feature", "properties": { "color": "yellow", "type": "point" }, "geometry": { "type": "Point", "coordinates": [ -99.160690373261133, 18.895112932349711 ] } },
{ "type": "Feature", "properties": { "color": "yellow", "type": "point" }, "geometry": { "type": "Point", "coordinates": [ -99.67989397037546, 18.864078645318575 ] } },
{ "type": "Feature", "properties": { "color": "yellow", "type": "point" }, "geometry": { "type": "Point", "coordinates": [ -99.160690373261133, 18.895112932349711 ] } },
{ "type": "Feature", "properties": { "color": "yellow", "type": "point" }, "geometry": { "type": "Point", "coordinates": [ -99.67989397037546, 18.864078645318575 ] } },
{ "type": "Feature", "properties": { "color": "yellow", "type": "point" }, "geometry": { "type": "Point", "coordinates": [ -99.160690373261133, 18.895112932349711 ] } },
{ "type": "Feature", "properties": { "color": "yellow", "type": "point" }, "geometry": { "type": "Point", "coordinates": [ -99.67989397037546, 18.864078645318575 ] } },
{ "type": "Feature", "properties": { "color": "yellow", "type": "point" }, "geometry": { "type": "Point", "coordinates": [ -99.160690373261133, 18.895112932349711 ] } },
{ "type": "Feature", "properties": { "color": "yellow", "type": "point" }, "geometry": { "type": "Point", "coordinates": [ -99.67989397037546, 18.864078645318575 ] } },
{ "type": "Feature", "properties": { "color": "yellow", "type": "point" }, "geometry": { "type": "Point", "coordinates": [ -99.160690373261133, 18.895112932349711 ] } },
{ "type": "Feature", "properties": { "color": "yellow", "type": "point" }, "geometry": { "type": "Point", "coordinates": [ -99.67989397037546, 18.864078645318575 ] } },
{ "type": "Feature", "properties": { "color": "yellow", "type": "point" }, "geometry": { "type": "Point", "coordinates": [ -99.160690373261133, 18.895112932349711 ] } },
{ "type": "Feature", "properties": { "color": "yellow", "type": "point" }, "geometry": { "type": "Point", "coordinates": [ -99.67989397037546, 18.864078645318575 ] } },
{ "type": "Feature", "properties": { "color": "yellow", "type": "point" }, "geometry": { "type": "Point", "coordinates": [ -99.160686303210952, 18.890846953123045 ] } },
{ "type": "Feature", "properties": { "color": "yellow", "type": "point" }, "geometry": { "type": "Point", "coordinates": [ -99.672258537742621, 18.864106378660303 ] } },
{ "type": "Feature", "properties": { "color": "yellow", "type": "point" }, "geometry": { "type": "Point", "coordinates": [ -99.160686303210952, 18.890846953123045 ] } },
{ "type": "Feature", "properties": { "color": "yellow", "type": "point" }, "geometry": { "type": "Point", "coordinates": [ -99.672258537742621, 18.864106378660303 ] } },
{ "type": "Feature", "properties": { "color": "yellow", "type": "point" }, "geometry": { "type": "Point", "coordinates": [ -99.160686303210952, 18.890846953123045 ] } },
{ "type": "Feature", "properties": { "color": "yellow", "type": "point" }, "geometry": { "type": "Point", "coordinates": [ -99.67224154084002, 18.859840663580943 ] } },
{ "type": "Feature", "properties": { "color": "yellow", "type": "point" }, "geometry": { "type": "Point", "coordinates": [ -99.160686303210952, 18.890846953123045 ] } },
{ "type": "Feature", "properties": { "color": "yellow", "type": "point" }, "geometry": { "type": "Point", "coordinates": [ -99.67224154084002, 18.859840663580943 ] } },
{ "type": "Feature", "properties": { "color": "yellow", "type": "point" }, "geometry": { "type": "Point", "coordinates": [ -99.160686303210952, 18.890846953123045 ] } },
{ "type": "Feature", "properties": { "color": "yellow", "type": "point" }, "geometry": { "type": "Point", "coordinates": [ -99.679876780460091, 18.859812936970659 ] } },
{ "type": "Feature", "properties": { "color": "yellow", "type": "point" }, "geometry": { "type": "Point", "coordinates": [ -99.160686303210952, 18.890846953123045 ] } },
{ "type": "Feature", "properties": { "color": "yellow", "type": "point" }, "geometry": { "type": "Point", "coordinates": [ -99.679876780460091, 18.859812936970659 ] } },
{ "type": "Feature", "properties": { "color": "yellow", "type": "point" }, "geometry": { "type": "Point", "coordinates": [ -99.153049152741346, 18.890853396913471 ] } },
{ "type": "Feature", "properties": { "color": "yellow", "type": "point" }, "geometry": { "type": "Point", "coordinates": [ -99.679859595159769, 18.855547226655212 ] } },
{ "type": "Feature", "properties": { "color": "yellow", "type": "point" }, "geometry": { "type": "Point", "coordinates": [ -99.160686303210952, 18.890846953123045 ] } },
{ "type": "Feature", "properties": { "color": "yellow", "type": "point" }, "geometry": { "type": "Point", "coordinates": [ -99.679859595159769, 18.855547226655212 ] } },
{ "type": "Feature", "properties": { "color": "yellow", "type": "point" }, "geometry": { "type": "Point", "coordinates": [ -99.160686303210952, 18.890846953123045 ] } },
{ "type": "Feature", "properties": { "color": "yellow", "type": "point" }, "geometry": { "type": "Point", "coordinates": [ -99.672224548500637, 18.855574946534393 ] } },
{ "type": "Feature", "properties": { "color": "yellow", "type": "point" }, "geometry": { "type": "Point", "coordinates": [ -99.153049152741346, 18.890853396913471 ] } },
{ "type": "Feature", "properties": { "color": "yellow", "type": "point" }, "geometry": { "type": "Point", "coordinates": [ -99.679876780460091, 18.859812936970659 ] } },
{ "type": "Feature", "properties": { "color": "yellow", "type": "point" }, "geometry": { "type": "Point", "coordinates": [ -99.153049152741346, 18.890853396913471 ] } },
{ "type": "Feature", "properties": { "color": "yellow", "type": "point" }, "geometry": { "type": "Point", "coordinates": [ -99.679876780460091, 18.859812936970659 ] } },
{ "type": "Feature", "properties": { "color": "yellow", "type": "point" }, "geometry": { "type": "Point", "coordinates": [ -99.160686303210952, 18.890846953123045 ] } },
{ "type": "Feature", "properties": { "color": "yellow", "type": "point" }, "geometry": { "type": "Point", "coordinates": [ -99.672224548500637, 18.855574946534393 ] } },
{ "type": "Feature", "properties": { "color": "yellow", "type": "point" }, "geometry": { "type": "Point", "coordinates": [ -99.160686303210952, 18.890846953123045 ] } },
{ "type": "Feature", "properties": { "color": "yellow", "type": "point" }, "geometry": { "type": "Point", "coordinates": [ -99.679876780460091, 18.859812936970659 ] } },
{ "type": "Feature", "properties": { "color": "yellow", "type": "point" }, "geometry": { "type": "Point", "coordinates": [ -99.153045277171614, 18.886587414168293 ] } },
{ "type": "Feature", "properties": { "color": "yellow", "type": "point" }, "geometry": { "type": "Point", "coordinates": [ -99.679859595159769, 18.855547226655212 ] } },
{ "type": "Feature", "properties": { "color": "yellow", "type": "point" }, "geometry": { "type": "Point", "coordinates": [ -99.153045277171614, 18.886587414168293 ] } },
{ "type": "Feature", "properties": { "color": "yellow", "type": "point" }, "geometry": { "type": "Point", "coordinates": [ -99.679859595159769, 18.855547226655212 ] } },
{ "type": "Feature", "properties": { "color": "yellow", "type": "point" }, "geometry": { "type": "Point", "coordinates": [ -99.153045277171614, 18.886587414168293 ] } },
{ "type": "Feature", "properties": { "color": "yellow", "type": "point" }, "geometry": { "type": "Point", "coordinates": [ -99.679859595159769, 18.855547226655212 ] } },
{ "type": "Feature", "properties": { "color": "yellow", "type": "point" }, "geometry": { "type": "Point", "coordinates": [ -99.153045277171614, 18.886587414168293 ] } },
{ "type": "Feature", "properties": { "color": "yellow", "type": "point" }, "geometry": { "type": "Point", "coordinates": [ -99.679859595159769, 18.855547226655212 ] } },
{ "type": "Feature", "properties": { "color": "yellow", "type": "point" }, "geometry": { "type": "Point", "coordinates": [ -99.153045277171614, 18.886587414168293 ] } },
{ "type": "Feature", "properties": { "color": "yellow", "type": "point" }, "geometry": { "type": "Point", "coordinates": [ -99.679859595159769, 18.855547226655212 ] } },
{ "type": "Feature", "properties": { "color": "yellow", "type": "point" }, "geometry": { "type": "Point", "coordinates": [ -99.153045277171614, 18.886587414168293 ] } },
{ "type": "Feature", "properties": { "color": "yellow", "type": "point" }, "geometry": { "type": "Point", "coordinates": [ -99.679859595159769, 18.855547226655212 ] } },
{ "type": "Feature", "properties": { "color": "yellow", "type": "point" }, "geometry": { "type": "Point", "coordinates": [ -99.153045277171614, 18.886587414168293 ] } },
{ "type": "Feature", "properties": { "color": "yellow", "type": "point" }, "geometry": { "type": "Point", "coordinates": [ -99.679859595159769, 18.855547226655212 ] } },
{ "type": "Feature", "properties": { "color": "yellow", "type": "point" }, "geometry": { "type": "Point", "coordinates": [ -99.153045277171614, 18.886587414168293 ] } },
{ "type": "Feature", "properties": { "color": "yellow", "type": "point" }, "geometry": { "type": "Point", "coordinates": [ -99.679859595159769, 18.855547226655212 ] } },
{ "type": "Feature", "properties": { "color": "yellow", "type": "point" }, "geometry": { "type": "Point", "coordinates": [ -99.153045277171614, 18.886587414168293 ] } },
{ "type": "Feature", "properties": { "color": "yellow", "type": "point" }, "geometry": { "type": "Point", "coordinates": [ -99.679859595159769, 18.855547226655212 ] } },
{ "type": "Feature", "properties": { "color": "yellow", "type": "point" }, "geometry": { "type": "Point", "coordinates": [ -99.153045277171614, 18.886587414168293 ] } },
{ "type": "Feature", "properties": { "color": "yellow", "type": "point" }, "geometry": { "type": "Point", "coordinates": [ -99.679859595159769, 18.855547226655212 ] } },
{ "type": "Feature", "properties": { "color": "yellow", "type": "point" }, "geometry": { "type": "Point", "coordinates": [ -99.153049152741346, 18.890853396913471 ] } },
{ "type": "Feature", "properties": { "color": "yellow", "type": "point" }, "geometry": { "type": "Point", "coordinates": [ -99.679859595159769, 18.855547226655212 ] } },
{ "type": "Feature", "properties": { "color": "yellow", "type": "point" }, "geometry": { "type": "Point", "coordinates": [ -99.153049152741346, 18.890853396913471 ] } },
{ "type": "Feature", "properties": { "color": "yellow", "type": "point" }, "geometry": { "type": "Point", "coordinates": [ -99.679859595159769, 18.855547226655212 ] } },
{ "type": "Feature", "properties": { "color": "yellow", "type": "point" }, "geometry": { "type": "Point", "coordinates": [ -99.153049152741346, 18.890853396913471 ] } },
{ "type": "Feature", "properties": { "color": "yellow", "type": "point" }, "geometry": { "type": "Point", "coordinates": [ -99.679859595159769, 18.855547226655212 ] } },
{ "type": "Feature", "properties": { "color": "yellow", "type": "point" }, "geometry": { "type": "Point", "coordinates": [ -99.153049152741346, 18.890853396913471 ] } },
{ "type": "Feature", "properties": { "color": "yellow", "type": "point" }, "geometry": { "type": "Point", "coordinates": [ -99.679876780460091, 18.859812936970659 ] } },
{ "type": "Feature", "properties": { "color": "yellow", "type": "point" }, "geometry": { "type": "Point", "coordinates": [ -99.153049152741346, 18.890853396913471 ] } },
{ "type": "Feature", "properties": { "color": "yellow", "type": "point" }, "geometry": { "type": "Point", "coordinates": [ -99.679876780460091, 18.859812936970659 ] } },
{ "type": "Feature", "properties": { "color": "yellow", "type": "point" }, "geometry": { "type": "Point", "coordinates": [ -99.153049152741346, 18.890853396913471 ] } },
{ "type": "Feature", "properties": { "color": "yellow", "type": "point" }, "geometry": { "type": "Point", "coordinates": [ -99.679876780460091, 18.859812936970659 ] } },
{ "type": "Feature", "properties": { "color": "yellow", "type": "point" }, "geometry": { "type": "Point", "coordinates": [ -99.153049152741346, 18.890853396913471 ] } },
{ "type": "Feature", "properties": { "color": "yellow", "type": "point" }, "geometry": { "type": "Point", "coordinates": [ -99.679876780460091, 18.859812936970659 ] } },
{ "type": "Feature", "properties": { "color": "yellow", "type": "point" }, "geometry": { "type": "Point", "coordinates": [ -99.153049152741346, 18.890853396913471 ] } },
{ "type": "Feature", "properties": { "color": "yellow", "type": "point" }, "geometry": { "type": "Point", "coordinates": [ -99.664606287969534, 18.859868077106288 ] } },
{ "type": "Feature", "properties": { "color": "yellow", "type": "point" }, "geometry": { "type": "Point", "coordinates": [ -99.153053029350758, 18.895119377702461 ] } },
{ "type": "Feature", "properties": { "color": "yellow", "type": "point" }, "geometry": { "type": "Point", "coordinates": [ -99.679876780460091, 18.859812936970659 ] } },
{ "type": "Feature", "properties": { "color": "yellow", "type": "point" }, "geometry": { "type": "Point", "coordinates": [ -99.153053029350758, 18.895119377702461 ] } },
{ "type": "Feature", "properties": { "color": "yellow", "type": "point" }, "geometry": { "type": "Point", "coordinates": [ -99.679876780460091, 18.859812936970659 ] } },
{ "type": "Feature", "properties": { "color": "yellow", "type": "point" }, "geometry": { "type": "Point", "coordinates": [ -99.153053029350758, 18.895119377702461 ] } },
{ "type": "Feature", "properties": { "color": "yellow", "type": "point" }, "geometry": { "type": "Point", "coordinates": [ -99.672258537742621, 18.864106378660303 ] } },
{ "type": "Feature", "properties": { "color": "yellow", "type": "point" }, "geometry": { "type": "Point", "coordinates": [ -99.153053029350758, 18.895119377702461 ] } },
{ "type": "Feature", "properties": { "color": "yellow", "type": "point" }, "geometry": { "type": "Point", "coordinates": [ -99.67989397037546, 18.864078645318575 ] } },
{ "type": "Feature", "properties": { "color": "yellow", "type": "point" }, "geometry": { "type": "Point", "coordinates": [ -99.153053029350758, 18.895119377702461 ] } },
{ "type": "Feature", "properties": { "color": "yellow", "type": "point" }, "geometry": { "type": "Point", "coordinates": [ -99.672258537742621, 18.864106378660303 ] } },
{ "type": "Feature", "properties": { "color": "yellow", "type": "point" }, "geometry": { "type": "Point", "coordinates": [ -99.153053029350758, 18.895119377702461 ] } },
{ "type": "Feature", "properties": { "color": "yellow", "type": "point" }, "geometry": { "type": "Point", "coordinates": [ -99.6799111649064, 18.868344351698596 ] } },
{ "type": "Feature", "properties": { "color": "yellow", "type": "point" }, "geometry": { "type": "Point", "coordinates": [ -99.16069444440302, 18.89937890961977 ] } },
{ "type": "Feature", "properties": { "color": "yellow", "type": "point" }, "geometry": { "type": "Point", "coordinates": [ -99.6799111649064, 18.868344351698596 ] } },
{ "type": "Feature", "properties": { "color": "yellow", "type": "point" }, "geometry": { "type": "Point", "coordinates": [ -99.16069444440302, 18.89937890961977 ] } },
{ "type": "Feature", "properties": { "color": "yellow", "type": "point" }, "geometry": { "type": "Point", "coordinates": [ -99.6799111649064, 18.868344351698596 ] } },
{ "type": "Feature", "properties": { "color": "yellow", "type": "point" }, "geometry": { "type": "Point", "coordinates": [ -99.16069444440302, 18.89937890961977 ] } },
{ "type": "Feature", "properties": { "color": "yellow", "type": "point" }, "geometry": { "type": "Point", "coordinates": [ -99.6799111649064, 18.868344351698596 ] } },
{ "type": "Feature", "properties": { "color": "yellow", "type": "point" }, "geometry": { "type": "Point", "coordinates": [ -99.16069444440302, 18.89937890961977 ] } },
{ "type": "Feature", "properties": { "color": "yellow", "type": "point" }, "geometry": { "type": "Point", "coordinates": [ -99.6799111649064, 18.868344351698596 ] } },
{ "type": "Feature", "properties": { "color": "yellow", "type": "point" }, "geometry": { "type": "Point", "coordinates": [ -99.153056907, 18.899385356534907 ] } },
{ "type": "Feature", "properties": { "color": "yellow", "type": "point" }, "geometry": { "type": "Point", "coordinates": [ -99.6799111649064, 18.868344351698596 ] } },
{ "type": "Feature", "properties": { "color": "yellow", "type": "point" }, "geometry": { "type": "Point", "coordinates": [ -99.153053029350758, 18.895119377702461 ] } },
{ "type": "Feature", "properties": { "color": "yellow", "type": "point" }, "geometry": { "type": "Point", "coordinates": [ -99.6799111649064, 18.868344351698596 ] } },
{ "type": "Feature", "properties": { "color": "yellow", "type": "point" }, "geometry": { "type": "Point", "coordinates": [ -99.16069444440302, 18.89937890961977 ] } },
{ "type": "Feature", "properties": { "color": "yellow", "type": "point" }, "geometry": { "type": "Point", "coordinates": [ -99.6799111649064, 18.868344351698596 ] } },
{ "type": "Feature", "properties": { "color": "yellow", "type": "point" }, "geometry": { "type": "Point", "coordinates": [ -99.16069444440302, 18.89937890961977 ] } },
{ "type": "Feature", "properties": { "color": "yellow", "type": "point" }, "geometry": { "type": "Point", "coordinates": [ -99.6799111649064, 18.868344351698596 ] } },
{ "type": "Feature", "properties": { "color": "yellow", "type": "point" }, "geometry": { "type": "Point", "coordinates": [ -99.16069444440302, 18.89937890961977 ] } },
{ "type": "Feature", "properties": { "color": "yellow", "type": "point" }, "geometry": { "type": "Point", "coordinates": [ -99.679928364053467, 18.872610056110336 ] } },
{ "type": "Feature", "properties": { "color": "yellow", "type": "point" }, "geometry": { "type": "Point", "coordinates": [ -99.160698516636728, 18.903644884932813 ] } },
{ "type": "Feature", "properties": { "color": "yellow", "type": "point" }, "geometry": { "type": "Point", "coordinates": [ -99.679928364053467, 18.872610056110336 ] } },
{ "type": "Feature", "properties": { "color": "yellow", "type": "point" }, "geometry": { "type": "Point", "coordinates": [ -99.160698516636728, 18.903644884932813 ] } },
{ "type": "Feature", "properties": { "color": "yellow", "type": "point" }, "geometry": { "type": "Point", "coordinates": [ -99.6799111649064, 18.868344351698596 ] } },
{ "type": "Feature", "properties": { "color": "yellow", "type": "point" }, "geometry": { "type": "Point", "coordinates": [ -99.160698516636728, 18.903644884932813 ] } },
{ "type": "Feature", "properties": { "color": "yellow", "type": "point" }, "geometry": { "type": "Point", "coordinates": [ -99.6799111649064, 18.868344351698596 ] } },
{ "type": "Feature", "properties": { "color": "yellow", "type": "point" }, "geometry": { "type": "Point", "coordinates": [ -99.160698516636728, 18.903644884932813 ] } },
{ "type": "Feature", "properties": { "color": "yellow", "type": "point" }, "geometry": { "type": "Point", "coordinates": [ -99.687564169461751, 18.872581995994135 ] } },
{ "type": "Feature", "properties": { "color": "yellow", "type": "point" }, "geometry": { "type": "Point", "coordinates": [ -99.160698516636728, 18.903644884932813 ] } },
{ "type": "Feature", "properties": { "color": "yellow", "type": "point" }, "geometry": { "type": "Point", "coordinates": [ -99.687564169461751, 18.872581995994135 ] } },
{ "type": "Feature", "properties": { "color": "yellow", "type": "point" }, "geometry": { "type": "Point", "coordinates": [ -99.160698516636728, 18.903644884932813 ] } },
{ "type": "Feature", "properties": { "color": "yellow", "type": "point" }, "geometry": { "type": "Point", "coordinates": [ -99.687564169461751, 18.872581995994135 ] } },
{ "type": "Feature", "properties": { "color": "yellow", "type": "point" }, "geometry": { "type": "Point", "coordinates": [ -99.168336244413567, 18.903638122512387 ] } },
{ "type": "Feature", "properties": { "color": "yellow", "type": "point" }, "geometry": { "type": "Point", "coordinates": [ -99.687564169461751, 18.872581995994135 ] } },
{ "type": "Feature", "properties": { "color": "yellow", "type": "point" }, "geometry": { "type": "Point", "coordinates": [ -99.168336244413567, 18.903638122512387 ] } },
{ "type": "Feature", "properties": { "color": "yellow", "type": "point" }, "geometry": { "type": "Point", "coordinates": [ -99.687564169461751, 18.872581995994135 ] } },
{ "type": "Feature", "properties": { "color": "yellow", "type": "point" }, "geometry": { "type": "Point", "coordinates": [ -99.160698516636728, 18.903644884932813 ] } },
{ "type": "Feature", "properties": { "color": "yellow", "type": "point" }, "geometry": { "type": "Point", "coordinates": [ -99.687564169461751, 18.872581995994135 ] } },
{ "type": "Feature", "properties": { "color": "yellow", "type": "point" }, "geometry": { "type": "Point", "coordinates": [ -99.160698516636728, 18.903644884932813 ] } },
{ "type": "Feature", "properties": { "color": "yellow", "type": "point" }, "geometry": { "type": "Point", "coordinates": [ -99.687564169461751, 18.872581995994135 ] } },
{ "type": "Feature", "properties": { "color": "yellow", "type": "point" }, "geometry": { "type": "Point", "coordinates": [ -99.168336244413567, 18.903638122512387 ] } },
{ "type": "Feature", "properties": { "color": "yellow", "type": "point" }, "geometry": { "type": "Point", "coordinates": [ -99.679928364053467, 18.872610056110336 ] } },
{ "type": "Feature", "properties": { "color": "yellow", "type": "point" }, "geometry": { "type": "Point", "coordinates": [ -99.168336244413567, 18.903638122512387 ] } },
{ "type": "Feature", "properties": { "color": "yellow", "type": "point" }, "geometry": { "type": "Point", "coordinates": [ -99.679928364053467, 18.872610056110336 ] } },
{ "type": "Feature", "properties": { "color": "yellow", "type": "point" }, "geometry": { "type": "Point", "coordinates": [ -99.168336244413567, 18.903638122512387 ] } },
{ "type": "Feature", "properties": { "color": "yellow", "type": "point" }, "geometry": { "type": "Point", "coordinates": [ -99.679928364053467, 18.872610056110336 ] } },
{ "type": "Feature", "properties": { "color": "yellow", "type": "point" }, "geometry": { "type": "Point", "coordinates": [ -99.168336244413567, 18.903638122512387 ] } },
{ "type": "Feature", "properties": { "color": "yellow", "type": "point" }, "geometry": { "type": "Point", "coordinates": [ -99.6799455678172, 18.876875758553417 ] } },
{ "type": "Feature", "properties": { "color": "yellow", "type": "point" }, "geometry": { "type": "Point", "coordinates": [ -99.168336244413567, 18.903638122512387 ] } },
{ "type": "Feature", "properties": { "color": "yellow", "type": "point" }, "geometry": { "type": "Point", "coordinates": [ -99.6799455678172, 18.876875758553417 ] } },
{ "type": "Feature", "properties": { "color": "yellow", "type": "point" }, "geometry": { "type": "Point", "coordinates": [ -99.168336244413567, 18.903638122512387 ] } },
{ "type": "Feature", "properties": { "color": "yellow", "type": "point" }, "geometry": { "type": "Point", "coordinates": [ -99.6799455678172, 18.876875758553417 ] } },
{ "type": "Feature", "properties": { "color": "yellow", "type": "point" }, "geometry": { "type": "Point", "coordinates": [ -99.168340511335316, 18.907904094229433 ] } },
{ "type": "Feature", "properties": { "color": "yellow", "type": "point" }, "geometry": { "type": "Point", "coordinates": [ -99.679928364053467, 18.872610056110336 ] } },
{ "type": "Feature", "properties": { "color": "yellow", "type": "point" }, "geometry": { "type": "Point", "coordinates": [ -99.160702589962384, 18.907910858288481 ] } },
{ "type": "Feature", "properties": { "color": "yellow", "type": "point" }, "geometry": { "type": "Point", "coordinates": [ -99.6799455678172, 18.876875758553417 ] } },
{ "type": "Feature", "properties": { "color": "yellow", "type": "point" }, "geometry": { "type": "Point", "coordinates": [ -99.160702589962384, 18.907910858288481 ] } },
{ "type": "Feature", "properties": { "color": "yellow", "type": "point" }, "geometry": { "type": "Point", "coordinates": [ -99.6799455678172, 18.876875758553417 ] } },
{ "type": "Feature", "properties": { "color": "yellow", "type": "point" }, "geometry": { "type": "Point", "coordinates": [ -99.160702589962384, 18.907910858288481 ] } },
{ "type": "Feature", "properties": { "color": "yellow", "type": "point" }, "geometry": { "type": "Point", "coordinates": [ -99.672309555835113, 18.87690351209142 ] } },
{ "type": "Feature", "properties": { "color": "yellow", "type": "point" }, "geometry": { "type": "Point", "coordinates": [ -99.153064665418356, 18.907917308328638 ] } },
{ "type": "Feature", "properties": { "color": "yellow", "type": "point" }, "geometry": { "type": "Point", "coordinates": [ -99.672309555835113, 18.87690351209142 ] } },
{ "type": "Feature", "properties": { "color": "yellow", "type": "point" }, "geometry": { "type": "Point", "coordinates": [ -99.153064665418356, 18.907917308328638 ] } },
{ "type": "Feature", "properties": { "color": "yellow", "type": "point" }, "geometry": { "type": "Point", "coordinates": [ -99.672309555835113, 18.87690351209142 ] } },
{ "type": "Feature", "properties": { "color": "yellow", "type": "point" }, "geometry": { "type": "Point", "coordinates": [ -99.153064665418356, 18.907917308328638 ] } },
{ "type": "Feature", "properties": { "color": "yellow", "type": "point" }, "geometry": { "type": "Point", "coordinates": [ -99.672326570995949, 18.881169219298204 ] } },
{ "type": "Feature", "properties": { "color": "yellow", "type": "point" }, "geometry": { "type": "Point", "coordinates": [ -99.153064665418356, 18.907917308328638 ] } },
{ "type": "Feature", "properties": { "color": "yellow", "type": "point" }, "geometry": { "type": "Point", "coordinates": [ -99.672326570995949, 18.881169219298204 ] } },
{ "type": "Feature", "properties": { "color": "yellow", "type": "point" }, "geometry": { "type": "Point", "coordinates": [ -99.153064665418356, 18.907917308328638 ] } },
{ "type": "Feature", "properties": { "color": "yellow", "type": "point" }, "geometry": { "type": "Point", "coordinates": [ -99.679962776198096, 18.881141459027454 ] } },
{ "type": "Feature", "properties": { "color": "yellow", "type": "point" }, "geometry": { "type": "Point", "coordinates": [ -99.15306854618774, 18.912183281289185 ] } },
{ "type": "Feature", "properties": { "color": "yellow", "type": "point" }, "geometry": { "type": "Point", "coordinates": [ -99.672326570995949, 18.881169219298204 ] } },
{ "type": "Feature", "properties": { "color": "yellow", "type": "point" }, "geometry": { "type": "Point", "coordinates": [ -99.15306854618774, 18.912183281289185 ] } },
{ "type": "Feature", "properties": { "color": "yellow", "type": "point" }, "geometry": { "type": "Point", "coordinates": [ -99.672326570995949, 18.881169219298204 ] } },
{ "type": "Feature", "properties": { "color": "yellow", "type": "point" }, "geometry": { "type": "Point", "coordinates": [ -99.15306854618774, 18.912183281289185 ] } },
{ "type": "Feature", "properties": { "color": "yellow", "type": "point" }, "geometry": { "type": "Point", "coordinates": [ -99.664690352535644, 18.881196666103943 ] } },
{ "type": "Feature", "properties": { "color": "yellow", "type": "point" }, "geometry": { "type": "Point", "coordinates": [ -99.145430424974606, 18.912189418796444 ] } },
{ "type": "Feature", "properties": { "color": "yellow", "type": "point" }, "geometry": { "type": "Point", "coordinates": [ -99.664707178988877, 18.885462377998689 ] } },
{ "type": "Feature", "properties": { "color": "yellow", "type": "point" }, "geometry": { "type": "Point", "coordinates": [ -99.145430424974606, 18.912189418796444 ] } },
{ "type": "Feature", "properties": { "color": "yellow", "type": "point" }, "geometry": { "type": "Point", "coordinates": [ -99.664707178988877, 18.885462377998689 ] } },
{ "type": "Feature", "properties": { "color": "yellow", "type": "point" }, "geometry": { "type": "Point", "coordinates": [ -99.145430424974606, 18.912189418796444 ] } },
{ "type": "Feature", "properties": { "color": "yellow", "type": "point" }, "geometry": { "type": "Point", "coordinates": [ -99.664707178988877, 18.885462377998689 ] } },
{ "type": "Feature", "properties": { "color": "yellow", "type": "point" }, "geometry": { "type": "Point", "coordinates": [ -99.145430424974606, 18.912189418796444 ] } },
{ "type": "Feature", "properties": { "color": "yellow", "type": "point" }, "geometry": { "type": "Point", "coordinates": [ -99.664707178988877, 18.885462377998689 ] } },
{ "type": "Feature", "properties": { "color": "yellow", "type": "point" }, "geometry": { "type": "Point", "coordinates": [ -99.145434113083667, 18.916455391285563 ] } },
{ "type": "Feature", "properties": { "color": "yellow", "type": "point" }, "geometry": { "type": "Point", "coordinates": [ -99.664707178988877, 18.885462377998689 ] } },
{ "type": "Feature", "properties": { "color": "yellow", "type": "point" }, "geometry": { "type": "Point", "coordinates": [ -99.145434113083667, 18.916455391285563 ] } },
{ "type": "Feature", "properties": { "color": "yellow", "type": "point" }, "geometry": { "type": "Point", "coordinates": [ -99.664707178988877, 18.885462377998689 ] } },
{ "type": "Feature", "properties": { "color": "yellow", "type": "point" }, "geometry": { "type": "Point", "coordinates": [ -99.145434113083667, 18.916455391285563 ] } },
{ "type": "Feature", "properties": { "color": "yellow", "type": "point" }, "geometry": { "type": "Point", "coordinates": [ -99.664707178988877, 18.885462377998689 ] } },
{ "type": "Feature", "properties": { "color": "yellow", "type": "point" }, "geometry": { "type": "Point", "coordinates": [ -99.145434113083667, 18.916455391285563 ] } },
{ "type": "Feature", "properties": { "color": "yellow", "type": "point" }, "geometry": { "type": "Point", "coordinates": [ -99.664724009956657, 18.889728087924304 ] } },
{ "type": "Feature", "properties": { "color": "yellow", "type": "point" }, "geometry": { "type": "Point", "coordinates": [ -99.145434113083667, 18.916455391285563 ] } },
{ "type": "Feature", "properties": { "color": "yellow", "type": "point" }, "geometry": { "type": "Point", "coordinates": [ -99.664724009956657, 18.889728087924304 ] } },
{ "type": "Feature", "properties": { "color": "yellow", "type": "point" }, "geometry": { "type": "Point", "coordinates": [ -99.145434113083667, 18.916455391285563 ] } },
{ "type": "Feature", "properties": { "color": "yellow", "type": "point" }, "geometry": { "type": "Point", "coordinates": [ -99.664724009956657, 18.889728087924304 ] } },
{ "type": "Feature", "properties": { "color": "yellow", "type": "point" }, "geometry": { "type": "Point", "coordinates": [ -99.145437802181235, 18.92072136181633 ] } },
{ "type": "Feature", "properties": { "color": "yellow", "type": "point" }, "geometry": { "type": "Point", "coordinates": [ -99.664740845439553, 18.893993795880398 ] } },
{ "type": "Feature", "properties": { "color": "yellow", "type": "point" }, "geometry": { "type": "Point", "coordinates": [ -99.145437802181235, 18.92072136181633 ] } },
{ "type": "Feature", "properties": { "color": "yellow", "type": "point" }, "geometry": { "type": "Point", "coordinates": [ -99.664740845439553, 18.893993795880398 ] } },
{ "type": "Feature", "properties": { "color": "yellow", "type": "point" }, "geometry": { "type": "Point", "coordinates": [ -99.145437802181235, 18.92072136181633 ] } },
{ "type": "Feature", "properties": { "color": "yellow", "type": "point" }, "geometry": { "type": "Point", "coordinates": [ -99.657120680459002, 18.898286661530999 ] } },
{ "type": "Feature", "properties": { "color": "yellow", "type": "point" }, "geometry": { "type": "Point", "coordinates": [ -99.145441492267409, 18.924987330388365 ] } },
{ "type": "Feature", "properties": { "color": "yellow", "type": "point" }, "geometry": { "type": "Point", "coordinates": [ -99.657120680459002, 18.898286661530999 ] } },
{ "type": "Feature", "properties": { "color": "yellow", "type": "point" }, "geometry": { "type": "Point", "coordinates": [ -99.145441492267409, 18.924987330388365 ] } },
{ "type": "Feature", "properties": { "color": "yellow", "type": "point" }, "geometry": { "type": "Point", "coordinates": [ -99.748536565558652, 18.846752364196995 ] } },
{ "type": "Feature", "properties": { "color": "yellow", "type": "point" }, "geometry": { "type": "Point", "coordinates": [ -99.657120680459002, 18.898286661530999 ] } },
{ "type": "Feature", "properties": { "color": "yellow", "type": "point" }, "geometry": { "type": "Point", "coordinates": [ -99.145445183342318, 18.92925329700131 ] } },
{ "type": "Feature", "properties": { "color": "yellow", "type": "point" }, "geometry": { "type": "Point", "coordinates": [ -99.748536565558652, 18.846752364196995 ] } },
{ "type": "Feature", "properties": { "color": "yellow", "type": "point" }, "geometry": { "type": "Point", "coordinates": [ -99.657120680459002, 18.898286661530999 ] } },
{ "type": "Feature", "properties": { "color": "yellow", "type": "point" }, "geometry": { "type": "Point", "coordinates": [ -99.145445183342318, 18.92925329700131 ] } },
{ "type": "Feature", "properties": { "color": "yellow", "type": "point" }, "geometry": { "type": "Point", "coordinates": [ -99.748536565558652, 18.846752364196995 ] } },
{ "type": "Feature", "properties": { "color": "yellow", "type": "point" }, "geometry": { "type": "Point", "coordinates": [ -99.657120680459002, 18.898286661530999 ] } },
{ "type": "Feature", "properties": { "color": "yellow", "type": "point" }, "geometry": { "type": "Point", "coordinates": [ -99.145445183342318, 18.92925329700131 ] } },
{ "type": "Feature", "properties": { "color": "yellow", "type": "point" }, "geometry": { "type": "Point", "coordinates": [ -99.748536565558652, 18.846752364196995 ] } },
{ "type": "Feature", "properties": { "color": "yellow", "type": "point" }, "geometry": { "type": "Point", "coordinates": [ -99.657120680459002, 18.898286661530999 ] } },
{ "type": "Feature", "properties": { "color": "yellow", "type": "point" }, "geometry": { "type": "Point", "coordinates": [ -99.145441492267409, 18.924987330388365 ] } },
{ "type": "Feature", "properties": { "color": "yellow", "type": "point" }, "geometry": { "type": "Point", "coordinates": [ -99.740902030646282, 18.846782886218168 ] } },
{ "type": "Feature", "properties": { "color": "yellow", "type": "point" }, "geometry": { "type": "Point", "coordinates": [ -99.664774529952695, 18.902525205882505 ] } },
{ "type": "Feature", "properties": { "color": "yellow", "type": "point" }, "geometry": { "type": "Point", "coordinates": [ -99.145445183342318, 18.92925329700131 ] } },
{ "type": "Feature", "properties": { "color": "yellow", "type": "point" }, "geometry": { "type": "Point", "coordinates": [ -99.740902030646282, 18.846782886218168 ] } },
{ "type": "Feature", "properties": { "color": "yellow", "type": "point" }, "geometry": { "type": "Point", "coordinates": [ -99.657137331491185, 18.902552372129225 ] } },
{ "type": "Feature", "properties": { "color": "yellow", "type": "point" }, "geometry": { "type": "Point", "coordinates": [ -99.137806284143863, 18.929259126055104 ] } },
{ "type": "Feature", "properties": { "color": "yellow", "type": "point" }, "geometry": { "type": "Point", "coordinates": [ -99.740902030646282, 18.846782886218168 ] } },
{ "type": "Feature", "properties": { "color": "yellow", "type": "point" }, "geometry": { "type": "Point", "coordinates": [ -99.657137331491185, 18.902552372129225 ] } },
{ "type": "Feature", "properties": { "color": "yellow", "type": "point" }, "geometry": { "type": "Point", "coordinates": [ -99.137806284143863, 18.929259126055104 ] } },
{ "type": "Feature", "properties": { "color": "yellow", "type": "point" }, "geometry": { "type": "Point", "coordinates": [ -99.710363746506715, 18.846901845929576 ] } },
{ "type": "Feature", "properties": { "color": "yellow", "type": "point" }, "geometry": { "type": "Point", "coordinates": [ -99.657137331491185, 18.902552372129225 ] } },
{ "type": "Feature", "properties": { "color": "yellow", "type": "point" }, "geometry": { "type": "Point", "coordinates": [ -99.137806284143863, 18.929259126055104 ] } },
{ "type": "Feature", "properties": { "color": "yellow", "type": "point" }, "geometry": { "type": "Point", "coordinates": [ -99.710363746506715, 18.846901845929576 ] } },
{ "type": "Feature", "properties": { "color": "yellow", "type": "point" }, "geometry": { "type": "Point", "coordinates": [ -99.649500120065113, 18.902579224526104 ] } },
{ "type": "Feature", "properties": { "color": "yellow", "type": "point" }, "geometry": { "type": "Point", "coordinates": [ -99.137806284143863, 18.929259126055104 ] } },
{ "type": "Feature", "properties": { "color": "yellow", "type": "point" }, "geometry": { "type": "Point", "coordinates": [ -99.740902030646282, 18.846782886218168 ] } },
{ "type": "Feature", "properties": { "color": "yellow", "type": "point" }, "geometry": { "type": "Point", "coordinates": [ -99.649500120065113, 18.902579224526104 ] } },
{ "type": "Feature", "properties": { "color": "yellow", "type": "point" }, "geometry": { "type": "Point", "coordinates": [ -99.130167382224855, 18.929264640708016 ] } },
{ "type": "Feature", "properties": { "color": "yellow", "type": "point" }, "geometry": { "type": "Point", "coordinates": [ -99.740902030646282, 18.846782886218168 ] } },
{ "type": "Feature", "properties": { "color": "yellow", "type": "point" }, "geometry": { "type": "Point", "coordinates": [ -99.649500120065113, 18.902579224526104 ] } },
{ "type": "Feature", "properties": { "color": "yellow", "type": "point" }, "geometry": { "type": "Point", "coordinates": [ -99.130167382224855, 18.929264640708016 ] } },
{ "type": "Feature", "properties": { "color": "yellow", "type": "point" }, "geometry": { "type": "Point", "coordinates": [ -99.740902030646282, 18.846782886218168 ] } },
{ "type": "Feature", "properties": { "color": "yellow", "type": "point" }, "geometry": { "type": "Point", "coordinates": [ -99.649500120065113, 18.902579224526104 ] } },
{ "type": "Feature", "properties": { "color": "yellow", "type": "point" }, "geometry": { "type": "Point", "coordinates": [ -99.130167382224855, 18.929264640708016 ] } },
{ "type": "Feature", "properties": { "color": "yellow", "type": "point" }, "geometry": { "type": "Point", "coordinates": [ -99.740902030646282, 18.846782886218168 ] } },
{ "type": "Feature", "properties": { "color": "yellow", "type": "point" }, "geometry": { "type": "Point", "coordinates": [ -99.649500120065113, 18.902579224526104 ] } },
{ "type": "Feature", "properties": { "color": "yellow", "type": "point" }, "geometry": { "type": "Point", "coordinates": [ -99.130167382224855, 18.929264640708016 ] } },
{ "type": "Feature", "properties": { "color": "yellow", "type": "point" }, "geometry": { "type": "Point", "coordinates": [ -99.740902030646282, 18.846782886218168 ] } },
{ "type": "Feature", "properties": { "color": "yellow", "type": "point" }, "geometry": { "type": "Point", "coordinates": [ -99.649516582026251, 18.906844939660587 ] } },
{ "type": "Feature", "properties": { "color": "yellow", "type": "point" }, "geometry": { "type": "Point", "coordinates": [ -99.130167382224855, 18.929264640708016 ] } },
{ "type": "Feature", "properties": { "color": "yellow", "type": "point" }, "geometry": { "type": "Point", "coordinates": [ -99.733286007163073, 18.851078760412907 ] } },
{ "type": "Feature", "properties": { "color": "yellow", "type": "point" }, "geometry": { "type": "Point", "coordinates": [ -99.641879164248877, 18.906871484635875 ] } },
{ "type": "Feature", "properties": { "color": "yellow", "type": "point" }, "geometry": { "type": "Point", "coordinates": [ -99.122528477736111, 18.929269840959581 ] } },
{ "type": "Feature", "properties": { "color": "yellow", "type": "point" }, "geometry": { "type": "Point", "coordinates": [ -99.733267481134519, 18.846813095404571 ] } },
{ "type": "Feature", "properties": { "color": "yellow", "type": "point" }, "geometry": { "type": "Point", "coordinates": [ -99.649516582026251, 18.906844939660587 ] } },
{ "type": "Feature", "properties": { "color": "yellow", "type": "point" }, "geometry": { "type": "Point", "coordinates": [ -99.122531588072974, 18.933535809617211 ] } },
{ "type": "Feature", "properties": { "color": "yellow", "type": "point" }, "geometry": { "type": "Point", "coordinates": [ -99.733267481134519, 18.846813095404571 ] } },
{ "type": "Feature", "properties": { "color": "yellow", "type": "point" }, "geometry": { "type": "Point", "coordinates": [ -99.641879164248877, 18.906871484635875 ] } },
{ "type": "Feature", "properties": { "color": "yellow", "type": "point" }, "geometry": { "type": "Point", "coordinates": [ -99.122531588072974, 18.933535809617211 ] } },
{ "type": "Feature", "properties": { "color": "yellow", "type": "point" }, "geometry": { "type": "Point", "coordinates": [ -99.733267481134519, 18.846813095404571 ] } },
{ "type": "Feature", "properties": { "color": "yellow", "type": "point" }, "geometry": { "type": "Point", "coordinates": [ -99.641879164248877, 18.906871484635875 ] } },
{ "type": "Feature", "properties": { "color": "yellow", "type": "point" }, "geometry": { "type": "Point", "coordinates": [ -99.122531588072974, 18.933535809617211 ] } },
{ "type": "Feature", "properties": { "color": "yellow", "type": "point" }, "geometry": { "type": "Point", "coordinates": [ -99.702729140101269, 18.846930803751462 ] } },
{ "type": "Feature", "properties": { "color": "yellow", "type": "point" }, "geometry": { "type": "Point", "coordinates": [ -99.641879164248877, 18.906871484635875 ] } },
{ "type": "Feature", "properties": { "color": "yellow", "type": "point" }, "geometry": { "type": "Point", "coordinates": [ -99.122531588072974, 18.933535809617211 ] } },
{ "type": "Feature", "properties": { "color": "yellow", "type": "point" }, "geometry": { "type": "Point", "coordinates": [ -99.702729140101269, 18.846930803751462 ] } },
{ "type": "Feature", "properties": { "color": "yellow", "type": "point" }, "geometry": { "type": "Point", "coordinates": [ -99.641879164248877, 18.906871484635875 ] } },
{ "type": "Feature", "properties": { "color": "yellow", "type": "point" }, "geometry": { "type": "Point", "coordinates": [ -99.122528477736111, 18.929269840959581 ] } },
{ "type": "Feature", "properties": { "color": "yellow", "type": "point" }, "geometry": { "type": "Point", "coordinates": [ -99.733267481134519, 18.846813095404571 ] } },
{ "type": "Feature", "properties": { "color": "yellow", "type": "point" }, "geometry": { "type": "Point", "coordinates": [ -99.641879164248877, 18.906871484635875 ] } },
{ "type": "Feature", "properties": { "color": "yellow", "type": "point" }, "geometry": { "type": "Point", "coordinates": [ -99.122528477736111, 18.929269840959581 ] } },
{ "type": "Feature", "properties": { "color": "yellow", "type": "point" }, "geometry": { "type": "Point", "coordinates": [ -99.733267481134519, 18.846813095404571 ] } },
{ "type": "Feature", "properties": { "color": "yellow", "type": "point" }, "geometry": { "type": "Point", "coordinates": [ -99.641879164248877, 18.906871484635875 ] } },
{ "type": "Feature", "properties": { "color": "yellow", "type": "point" }, "geometry": { "type": "Point", "coordinates": [ -99.114889570828424, 18.929274726809354 ] } },
{ "type": "Feature", "properties": { "color": "yellow", "type": "point" }, "geometry": { "type": "Point", "coordinates": [ -99.733267481134519, 18.846813095404571 ] } },
{ "type": "Feature", "properties": { "color": "yellow", "type": "point" }, "geometry": { "type": "Point", "coordinates": [ -99.634241733806732, 18.906897715680728 ] } },
{ "type": "Feature", "properties": { "color": "yellow", "type": "point" }, "geometry": { "type": "Point", "coordinates": [ -99.114889570828424, 18.929274726809354 ] } },
{ "type": "Feature", "properties": { "color": "yellow", "type": "point" }, "geometry": { "type": "Point", "coordinates": [ -99.733267481134519, 18.846813095404571 ] } },
{ "type": "Feature", "properties": { "color": "yellow", "type": "point" }, "geometry": { "type": "Point", "coordinates": [ -99.634241733806732, 18.906897715680728 ] } },
{ "type": "Feature", "properties": { "color": "yellow", "type": "point" }, "geometry": { "type": "Point", "coordinates": [ -99.114889570828424, 18.929274726809354 ] } },
{ "type": "Feature", "properties": { "color": "yellow", "type": "point" }, "geometry": { "type": "Point", "coordinates": [ -99.733267481134519, 18.846813095404571 ] } },
{ "type": "Feature", "properties": { "color": "yellow", "type": "point" }, "geometry": { "type": "Point", "coordinates": [ -99.626588409505786, 18.902657898594956 ] } },
{ "type": "Feature", "properties": { "color": "yellow", "type": "point" }, "geometry": { "type": "Point", "coordinates": [ -99.114889570828424, 18.929274726809354 ] } },
{ "type": "Feature", "properties": { "color": "yellow", "type": "point" }, "geometry": { "type": "Point", "coordinates": [ -99.733267481134519, 18.846813095404571 ] } },
{ "type": "Feature", "properties": { "color": "yellow", "type": "point" }, "geometry": { "type": "Point", "coordinates": [ -99.626588409505786, 18.902657898594956 ] } },
{ "type": "Feature", "properties": { "color": "yellow", "type": "point" }, "geometry": { "type": "Point", "coordinates": [ -99.114886655182218, 18.925008755009969 ] } },
{ "type": "Feature", "properties": { "color": "yellow", "type": "point" }, "geometry": { "type": "Point", "coordinates": [ -99.733267481134519, 18.846813095404571 ] } },
{ "type": "Feature", "properties": { "color": "yellow", "type": "point" }, "geometry": { "type": "Point", "coordinates": [ -99.626588409505786, 18.902657898594956 ] } },
{ "type": "Feature", "properties": { "color": "yellow", "type": "point" }, "geometry": { "type": "Point", "coordinates": [ -99.1072506616526, 18.929279298256922 ] } },
{ "type": "Feature", "properties": { "color": "yellow", "type": "point" }, "geometry": { "type": "Point", "coordinates": [ -99.725632917173726, 18.846842991753629 ] } },
{ "type": "Feature", "properties": { "color": "yellow", "type": "point" }, "geometry": { "type": "Point", "coordinates": [ -99.626588409505786, 18.902657898594956 ] } },
{ "type": "Feature", "properties": { "color": "yellow", "type": "point" }, "geometry": { "type": "Point", "coordinates": [ -99.1072506616526, 18.929279298256922 ] } },
{ "type": "Feature", "properties": { "color": "yellow", "type": "point" }, "geometry": { "type": "Point", "coordinates": [ -99.725632917173726, 18.846842991753629 ] } },
{ "type": "Feature", "properties": { "color": "yellow", "type": "point" }, "geometry": { "type": "Point", "coordinates": [ -99.618951147727785, 18.902683495569878 ] } },
{ "type": "Feature", "properties": { "color": "yellow", "type": "point" }, "geometry": { "type": "Point", "coordinates": [ -99.1072506616526, 18.929279298256922 ] } },
{ "type": "Feature", "properties": { "color": "yellow", "type": "point" }, "geometry": { "type": "Point", "coordinates": [ -99.725632917173726, 18.846842991753629 ] } },
{ "type": "Feature", "properties": { "color": "yellow", "type": "point" }, "geometry": { "type": "Point", "coordinates": [ -99.618951147727785, 18.902683495569878 ] } },
{ "type": "Feature", "properties": { "color": "yellow", "type": "point" }, "geometry": { "type": "Point", "coordinates": [ -99.099611750359458, 18.929283555301893 ] } },
{ "type": "Feature", "properties": { "color": "yellow", "type": "point" }, "geometry": { "type": "Point", "coordinates": [ -99.725632917173726, 18.846842991753629 ] } },
{ "type": "Feature", "properties": { "color": "yellow", "type": "point" }, "geometry": { "type": "Point", "coordinates": [ -99.611313873738425, 18.902708778683792 ] } },
{ "type": "Feature", "properties": { "color": "yellow", "type": "point" }, "geometry": { "type": "Point", "coordinates": [ -99.099611750359458, 18.929283555301893 ] } },
{ "type": "Feature", "properties": { "color": "yellow", "type": "point" }, "geometry": { "type": "Point", "coordinates": [ -99.725632917173726, 18.846842991753629 ] } },
{ "type": "Feature", "properties": { "color": "yellow", "type": "point" }, "geometry": { "type": "Point", "coordinates": [ -99.611313873738425, 18.902708778683792 ] } },
{ "type": "Feature", "properties": { "color": "yellow", "type": "point" }, "geometry": { "type": "Point", "coordinates": [ -99.099609222429251, 18.925017581365832 ] } },
{ "type": "Feature", "properties": { "color": "yellow", "type": "point" }, "geometry": { "type": "Point", "coordinates": [ -99.725632917173726, 18.846842991753629 ] } },
{ "type": "Feature", "properties": { "color": "yellow", "type": "point" }, "geometry": { "type": "Point", "coordinates": [ -99.618951147727785, 18.902683495569878 ] } },
{ "type": "Feature", "properties": { "color": "yellow", "type": "point" }, "geometry": { "type": "Point", "coordinates": [ -99.091970503027952, 18.925021523053648 ] } },
{ "type": "Feature", "properties": { "color": "yellow", "type": "point" }, "geometry": { "type": "Point", "coordinates": [ -99.725632917173726, 18.846842991753629 ] } },
{ "type": "Feature", "properties": { "color": "yellow", "type": "point" }, "geometry": { "type": "Point", "coordinates": [ -99.618951147727785, 18.902683495569878 ] } },
{ "type": "Feature", "properties": { "color": "yellow", "type": "point" }, "geometry": { "type": "Point", "coordinates": [ -99.091970503027952, 18.925021523053648 ] } },
{ "type": "Feature", "properties": { "color": "yellow", "type": "point" }, "geometry": { "type": "Point", "coordinates": [ -99.725614588915434, 18.842577317514447 ] } },
{ "type": "Feature", "properties": { "color": "yellow", "type": "point" }, "geometry": { "type": "Point", "coordinates": [ -99.611313873738425, 18.902708778683792 ] } },
{ "type": "Feature", "properties": { "color": "yellow", "type": "point" }, "geometry": { "type": "Point", "coordinates": [ -99.091970503027952, 18.925021523053648 ] } },
{ "type": "Feature", "properties": { "color": "yellow", "type": "point" }, "geometry": { "type": "Point", "coordinates": [ -99.725614588915434, 18.842577317514447 ] } },
{ "type": "Feature", "properties": { "color": "yellow", "type": "point" }, "geometry": { "type": "Point", "coordinates": [ -99.611298383632089, 18.898443030188616 ] } },
{ "type": "Feature", "properties": { "color": "yellow", "type": "point" }, "geometry": { "type": "Point", "coordinates": [ -99.091970503027952, 18.925021523053648 ] } },
{ "type": "Feature", "properties": { "color": "yellow", "type": "point" }, "geometry": { "type": "Point", "coordinates": [ -99.725614588915434, 18.842577317514447 ] } },
{ "type": "Feature", "properties": { "color": "yellow", "type": "point" }, "geometry": { "type": "Point", "coordinates": [ -99.611313873738425, 18.902708778683792 ] } },
{ "type": "Feature", "properties": { "color": "yellow", "type": "point" }, "geometry": { "type": "Point", "coordinates": [ -99.091970503027952, 18.925021523053648 ] } },
{ "type": "Feature", "properties": { "color": "yellow", "type": "point" }, "geometry": { "type": "Point", "coordinates": [ -99.725614588915434, 18.842577317514447 ] } },
{ "type": "Feature", "properties": { "color": "yellow", "type": "point" }, "geometry": { "type": "Point", "coordinates": [ -99.611313873738425, 18.902708778683792 ] } },
{ "type": "Feature", "properties": { "color": "yellow", "type": "point" }, "geometry": { "type": "Point", "coordinates": [ -99.091970503027952, 18.925021523053648 ] } },
{ "type": "Feature", "properties": { "color": "yellow", "type": "point" }, "geometry": { "type": "Point", "coordinates": [ -99.725614588915434, 18.842577317514447 ] } },
{ "type": "Feature", "properties": { "color": "yellow", "type": "point" }, "geometry": { "type": "Point", "coordinates": [ -99.611298383632089, 18.898443030188616 ] } },
{ "type": "Feature", "properties": { "color": "yellow", "type": "point" }, "geometry": { "type": "Point", "coordinates": [ -99.091970503027952, 18.925021523053648 ] } },
{ "type": "Feature", "properties": { "color": "yellow", "type": "point" }, "geometry": { "type": "Point", "coordinates": [ -99.725614588915434, 18.842577317514447 ] } },
{ "type": "Feature", "properties": { "color": "yellow", "type": "point" }, "geometry": { "type": "Point", "coordinates": [ -99.611298383632089, 18.898443030188616 ] } },
{ "type": "Feature", "properties": { "color": "yellow", "type": "point" }, "geometry": { "type": "Point", "coordinates": [ -99.091970503027952, 18.925021523053648 ] } },
{ "type": "Feature", "properties": { "color": "yellow", "type": "point" }, "geometry": { "type": "Point", "coordinates": [ -99.725614588915434, 18.842577317514447 ] } },
{ "type": "Feature", "properties": { "color": "yellow", "type": "point" }, "geometry": { "type": "Point", "coordinates": [ -99.611298383632089, 18.898443030188616 ] } },
{ "type": "Feature", "properties": { "color": "yellow", "type": "point" }, "geometry": { "type": "Point", "coordinates": [ -99.091970503027952, 18.925021523053648 ] } },
{ "type": "Feature", "properties": { "color": "yellow", "type": "point" }, "geometry": { "type": "Point", "coordinates": [ -99.725614588915434, 18.842577317514447 ] } },
{ "type": "Feature", "properties": { "color": "yellow", "type": "point" }, "geometry": { "type": "Point", "coordinates": [ -99.611298383632089, 18.898443030188616 ] } },
{ "type": "Feature", "properties": { "color": "yellow", "type": "point" }, "geometry": { "type": "Point", "coordinates": [ -99.091970503027952, 18.925021523053648 ] } },
{ "type": "Feature", "properties": { "color": "yellow", "type": "point" }, "geometry": { "type": "Point", "coordinates": [ -99.725614588915434, 18.842577317514447 ] } },
{ "type": "Feature", "properties": { "color": "yellow", "type": "point" }, "geometry": { "type": "Point", "coordinates": [ -99.611298383632089, 18.898443030188616 ] } },
{ "type": "Feature", "properties": { "color": "yellow", "type": "point" }, "geometry": { "type": "Point", "coordinates": [ -99.091970503027952, 18.925021523053648 ] } },
{ "type": "Feature", "properties": { "color": "yellow", "type": "point" }, "geometry": { "type": "Point", "coordinates": [ -99.725614588915434, 18.842577317514447 ] } },
{ "type": "Feature", "properties": { "color": "yellow", "type": "point" }, "geometry": { "type": "Point", "coordinates": [ -99.611298383632089, 18.898443030188616 ] } },
{ "type": "Feature", "properties": { "color": "yellow", "type": "point" }, "geometry": { "type": "Point", "coordinates": [ -99.091970503027952, 18.925021523053648 ] } },
{ "type": "Feature", "properties": { "color": "yellow", "type": "point" }, "geometry": { "type": "Point", "coordinates": [ -99.725614588915434, 18.842577317514447 ] } },
{ "type": "Feature", "properties": { "color": "yellow", "type": "point" }, "geometry": { "type": "Point", "coordinates": [ -99.611298383632089, 18.898443030188616 ] } },
{ "type": "Feature", "properties": { "color": "yellow", "type": "point" }, "geometry": { "type": "Point", "coordinates": [ -99.091970503027952, 18.925021523053648 ] } },
{ "type": "Feature", "properties": { "color": "yellow", "type": "point" }, "geometry": { "type": "Point", "coordinates": [ -99.733248960081966, 18.842547428427441 ] } },
{ "type": "Feature", "properties": { "color": "yellow", "type": "point" }, "geometry": { "type": "Point", "coordinates": [ -99.618935464130203, 18.898417753200739 ] } },
{ "type": "Feature", "properties": { "color": "yellow", "type": "point" }, "geometry": { "type": "Point", "coordinates": [ -99.091968169581335, 18.920755546204703 ] } },
{ "type": "Feature", "properties": { "color": "yellow", "type": "point" }, "geometry": { "type": "Point", "coordinates": [ -99.733248960081966, 18.842547428427441 ] } },
{ "type": "Feature", "properties": { "color": "yellow", "type": "point" }, "geometry": { "type": "Point", "coordinates": [ -99.611282897678791, 18.894177279725323 ] } },
{ "type": "Feature", "properties": { "color": "yellow", "type": "point" }, "geometry": { "type": "Point", "coordinates": [ -99.091968169581335, 18.920755546204703 ] } },
{ "type": "Feature", "properties": { "color": "yellow", "type": "point" }, "geometry": { "type": "Point", "coordinates": [ -99.733248960081966, 18.842547428427441 ] } },
{ "type": "Feature", "properties": { "color": "yellow", "type": "point" }, "geometry": { "type": "Point", "coordinates": [ -99.611282897678791, 18.894177279725323 ] } },
{ "type": "Feature", "properties": { "color": "yellow", "type": "point" }, "geometry": { "type": "Point", "coordinates": [ -99.091968169581335, 18.920755546204703 ] } },
{ "type": "Feature", "properties": { "color": "yellow", "type": "point" }, "geometry": { "type": "Point", "coordinates": [ -99.733248960081966, 18.842547428427441 ] } },
{ "type": "Feature", "properties": { "color": "yellow", "type": "point" }, "geometry": { "type": "Point", "coordinates": [ -99.603645998562172, 18.894202236876389 ] } },
{ "type": "Feature", "properties": { "color": "yellow", "type": "point" }, "geometry": { "type": "Point", "coordinates": [ -99.091968169581335, 18.920755546204703 ] } },
{ "type": "Feature", "properties": { "color": "yellow", "type": "point" }, "geometry": { "type": "Point", "coordinates": [ -99.733248960081966, 18.842547428427441 ] } },
{ "type": "Feature", "properties": { "color": "yellow", "type": "point" }, "geometry": { "type": "Point", "coordinates": [ -99.603645998562172, 18.894202236876389 ] } },
{ "type": "Feature", "properties": { "color": "yellow", "type": "point" }, "geometry": { "type": "Point", "coordinates": [ -99.091965836759883, 18.916489567397438 ] } },
{ "type": "Feature", "properties": { "color": "yellow", "type": "point" }, "geometry": { "type": "Point", "coordinates": [ -99.733248960081966, 18.842547428427441 ] } },
{ "type": "Feature", "properties": { "color": "yellow", "type": "point" }, "geometry": { "type": "Point", "coordinates": [ -99.603645998562172, 18.894202236876389 ] } },
{ "type": "Feature", "properties": { "color": "yellow", "type": "point" }, "geometry": { "type": "Point", "coordinates": [ -99.091968169581335, 18.920755546204703 ] } },
{ "type": "Feature", "properties": { "color": "yellow", "type": "point" }, "geometry": { "type": "Point", "coordinates": [ -99.733230444004846, 18.838281759481905 ] } },
{ "type": "Feature", "properties": { "color": "yellow", "type": "point" }, "geometry": { "type": "Point", "coordinates": [ -99.603645998562172, 18.894202236876389 ] } },
{ "type": "Feature", "properties": { "color": "yellow", "type": "point" }, "geometry": { "type": "Point", "coordinates": [ -99.091965836759883, 18.916489567397438 ] } },
{ "type": "Feature", "properties": { "color": "yellow", "type": "point" }, "geometry": { "type": "Point", "coordinates": [ -99.733230444004846, 18.838281759481905 ] } },
{ "type": "Feature", "properties": { "color": "yellow", "type": "point" }, "geometry": { "type": "Point", "coordinates": [ -99.603630710150341, 18.889936478395978 ] } },
{ "type": "Feature", "properties": { "color": "yellow", "type": "point" }, "geometry": { "type": "Point", "coordinates": [ -99.084327503104433, 18.916493193001973 ] } },
{ "type": "Feature", "properties": { "color": "yellow", "type": "point" }, "geometry": { "type": "Point", "coordinates": [ -99.733230444004846, 18.838281759481905 ] } },
{ "type": "Feature", "properties": { "color": "yellow", "type": "point" }, "geometry": { "type": "Point", "coordinates": [ -99.611267415878061, 18.88991152729432 ] } },
{ "type": "Feature", "properties": { "color": "yellow", "type": "point" }, "geometry": { "type": "Point", "coordinates": [ -99.091965836759883, 18.916489567397438 ] } },
{ "type": "Feature", "properties": { "color": "yellow", "type": "point" }, "geometry": { "type": "Point", "coordinates": [ -99.733230444004846, 18.838281759481905 ] } },
{ "type": "Feature", "properties": { "color": "yellow", "type": "point" }, "geometry": { "type": "Point", "coordinates": [ -99.611267415878061, 18.88991152729432 ] } },
{ "type": "Feature", "properties": { "color": "yellow", "type": "point" }, "geometry": { "type": "Point", "coordinates": [ -99.091965836759883, 18.916489567397438 ] } },
{ "type": "Feature", "properties": { "color": "yellow", "type": "point" }, "geometry": { "type": "Point", "coordinates": [ -99.733230444004846, 18.838281759481905 ] } },
{ "type": "Feature", "properties": { "color": "yellow", "type": "point" }, "geometry": { "type": "Point", "coordinates": [ -99.611282897678791, 18.894177279725323 ] } },
{ "type": "Feature", "properties": { "color": "yellow", "type": "point" }, "geometry": { "type": "Point", "coordinates": [ -99.091965836759883, 18.916489567397438 ] } },
{ "type": "Feature", "properties": { "color": "yellow", "type": "point" }, "geometry": { "type": "Point", "coordinates": [ -99.725596265580776, 18.838311641307207 ] } },
{ "type": "Feature", "properties": { "color": "yellow", "type": "point" }, "geometry": { "type": "Point", "coordinates": [ -99.603630710150341, 18.889936478395978 ] } },
{ "type": "Feature", "properties": { "color": "yellow", "type": "point" }, "geometry": { "type": "Point", "coordinates": [ -99.091965836759883, 18.916489567397438 ] } },
{ "type": "Feature", "properties": { "color": "yellow", "type": "point" }, "geometry": { "type": "Point", "coordinates": [ -99.725596265580776, 18.838311641307207 ] } },
{ "type": "Feature", "properties": { "color": "yellow", "type": "point" }, "geometry": { "type": "Point", "coordinates": [ -99.595993992516739, 18.88996111586048 ] } },
{ "type": "Feature", "properties": { "color": "yellow", "type": "point" }, "geometry": { "type": "Point", "coordinates": [ -99.084327503104433, 18.916493193001973 ] } },
{ "type": "Feature", "properties": { "color": "yellow", "type": "point" }, "geometry": { "type": "Point", "coordinates": [ -99.725596265580776, 18.838311641307207 ] } },
{ "type": "Feature", "properties": { "color": "yellow", "type": "point" }, "geometry": { "type": "Point", "coordinates": [ -99.595993992516739, 18.88996111586048 ] } },
{ "type": "Feature", "properties": { "color": "yellow", "type": "point" }, "geometry": { "type": "Point", "coordinates": [ -99.084327503104433, 18.916493193001973 ] } },
{ "type": "Feature", "properties": { "color": "yellow", "type": "point" }, "geometry": { "type": "Point", "coordinates": [ -99.725596265580776, 18.838311641307207 ] } },
{ "type": "Feature", "properties": { "color": "yellow", "type": "point" }, "geometry": { "type": "Point", "coordinates": [ -99.595993992516739, 18.88996111586048 ] } },
{ "type": "Feature", "properties": { "color": "yellow", "type": "point" }, "geometry": { "type": "Point", "coordinates": [ -99.084325364610862, 18.912227211358775 ] } },
{ "type": "Feature", "properties": { "color": "yellow", "type": "point" }, "geometry": { "type": "Point", "coordinates": [ -99.725596265580776, 18.838311641307207 ] } },
{ "type": "Feature", "properties": { "color": "yellow", "type": "point" }, "geometry": { "type": "Point", "coordinates": [ -99.603630710150341, 18.889936478395978 ] } },
{ "type": "Feature", "properties": { "color": "yellow", "type": "point" }, "geometry": { "type": "Point", "coordinates": [ -99.084327503104433, 18.916493193001973 ] } },
{ "type": "Feature", "properties": { "color": "yellow", "type": "point" }, "geometry": { "type": "Point", "coordinates": [ -99.733230444004846, 18.838281759481905 ] } },
{ "type": "Feature", "properties": { "color": "yellow", "type": "point" }, "geometry": { "type": "Point", "coordinates": [ -99.595993992516739, 18.88996111586048 ] } },
{ "type": "Feature", "properties": { "color": "yellow", "type": "point" }, "geometry": { "type": "Point", "coordinates": [ -99.084327503104433, 18.916493193001973 ] } },
{ "type": "Feature", "properties": { "color": "yellow", "type": "point" }, "geometry": { "type": "Point", "coordinates": [ -99.725596265580776, 18.838311641307207 ] } },
{ "type": "Feature", "properties": { "color": "yellow", "type": "point" }, "geometry": { "type": "Point", "coordinates": [ -99.595993992516739, 18.88996111586048 ] } },
{ "type": "Feature", "properties": { "color": "yellow", "type": "point" }, "geometry": { "type": "Point", "coordinates": [ -99.084325364610862, 18.912227211358775 ] } },
{ "type": "Feature", "properties": { "color": "yellow", "type": "point" }, "geometry": { "type": "Point", "coordinates": [ -99.71796207286144, 18.838341210444593 ] } },
{ "type": "Feature", "properties": { "color": "yellow", "type": "point" }, "geometry": { "type": "Point", "coordinates": [ -99.595993992516739, 18.88996111586048 ] } },
{ "type": "Feature", "properties": { "color": "yellow", "type": "point" }, "geometry": { "type": "Point", "coordinates": [ -99.084327503104433, 18.916493193001973 ] } },
{ "type": "Feature", "properties": { "color": "yellow", "type": "point" }, "geometry": { "type": "Point", "coordinates": [ -99.725596265580776, 18.838311641307207 ] } },
{ "type": "Feature", "properties": { "color": "yellow", "type": "point" }, "geometry": { "type": "Point", "coordinates": [ -99.595993992516739, 18.88996111586048 ] } },
{ "type": "Feature", "properties": { "color": "yellow", "type": "point" }, "geometry": { "type": "Point", "coordinates": [ -99.084325364610862, 18.912227211358775 ] } },
{ "type": "Feature", "properties": { "color": "yellow", "type": "point" }, "geometry": { "type": "Point", "coordinates": [ -99.733230444004846, 18.838281759481905 ] } },
{ "type": "Feature", "properties": { "color": "yellow", "type": "point" }, "geometry": { "type": "Point", "coordinates": [ -99.603630710150341, 18.889936478395978 ] } },
{ "type": "Feature", "properties": { "color": "yellow", "type": "point" }, "geometry": { "type": "Point", "coordinates": [ -99.084325364610862, 18.912227211358775 ] } },
{ "type": "Feature", "properties": { "color": "yellow", "type": "point" }, "geometry": { "type": "Point", "coordinates": [ -99.733230444004846, 18.838281759481905 ] } },
{ "type": "Feature", "properties": { "color": "yellow", "type": "point" }, "geometry": { "type": "Point", "coordinates": [ -99.603630710150341, 18.889936478395978 ] } },
{ "type": "Feature", "properties": { "color": "yellow", "type": "point" }, "geometry": { "type": "Point", "coordinates": [ -99.084325364610862, 18.912227211358775 ] } },
{ "type": "Feature", "properties": { "color": "yellow", "type": "point" }, "geometry": { "type": "Point", "coordinates": [ -99.725596265580776, 18.838311641307207 ] } },
{ "type": "Feature", "properties": { "color": "yellow", "type": "point" }, "geometry": { "type": "Point", "coordinates": [ -99.603630710150341, 18.889936478395978 ] } },
{ "type": "Feature", "properties": { "color": "yellow", "type": "point" }, "geometry": { "type": "Point", "coordinates": [ -99.084325364610862, 18.912227211358775 ] } },
{ "type": "Feature", "properties": { "color": "yellow", "type": "point" }, "geometry": { "type": "Point", "coordinates": [ -99.71796207286144, 18.838341210444593 ] } },
{ "type": "Feature", "properties": { "color": "yellow", "type": "point" }, "geometry": { "type": "Point", "coordinates": [ -99.595993992516739, 18.88996111586048 ] } },
{ "type": "Feature", "properties": { "color": "yellow", "type": "point" }, "geometry": { "type": "Point", "coordinates": [ -99.084327503104433, 18.916493193001973 ] } },
{ "type": "Feature", "properties": { "color": "yellow", "type": "point" }, "geometry": { "type": "Point", "coordinates": [ -99.71796207286144, 18.838341210444593 ] } },
{ "type": "Feature", "properties": { "color": "yellow", "type": "point" }, "geometry": { "type": "Point", "coordinates": [ -99.603630710150341, 18.889936478395978 ] } },
{ "type": "Feature", "properties": { "color": "yellow", "type": "point" }, "geometry": { "type": "Point", "coordinates": [ -99.084325364610862, 18.912227211358775 ] } },
{ "type": "Feature", "properties": { "color": "yellow", "type": "point" }, "geometry": { "type": "Point", "coordinates": [ -99.71796207286144, 18.838341210444593 ] } },
{ "type": "Feature", "properties": { "color": "yellow", "type": "point" }, "geometry": { "type": "Point", "coordinates": [ -99.603630710150341, 18.889936478395978 ] } },
{ "type": "Feature", "properties": { "color": "yellow", "type": "point" }, "geometry": { "type": "Point", "coordinates": [ -99.084325364610862, 18.912227211358775 ] } },
{ "type": "Feature", "properties": { "color": "yellow", "type": "point" }, "geometry": { "type": "Point", "coordinates": [ -99.725596265580776, 18.838311641307207 ] } },
{ "type": "Feature", "properties": { "color": "yellow", "type": "point" }, "geometry": { "type": "Point", "coordinates": [ -99.603630710150341, 18.889936478395978 ] } },
{ "type": "Feature", "properties": { "color": "yellow", "type": "point" }, "geometry": { "type": "Point", "coordinates": [ -99.084327503104433, 18.916493193001973 ] } },
{ "type": "Feature", "properties": { "color": "yellow", "type": "point" }, "geometry": { "type": "Point", "coordinates": [ -99.71796207286144, 18.838341210444593 ] } },
{ "type": "Feature", "properties": { "color": "yellow", "type": "point" }, "geometry": { "type": "Point", "coordinates": [ -99.603630710150341, 18.889936478395978 ] } },
{ "type": "Feature", "properties": { "color": "yellow", "type": "point" }, "geometry": { "type": "Point", "coordinates": [ -99.084325364610862, 18.912227211358775 ] } },
{ "type": "Feature", "properties": { "color": "yellow", "type": "point" }, "geometry": { "type": "Point", "coordinates": [ -99.733230444004846, 18.838281759481905 ] } },
{ "type": "Feature", "properties": { "color": "yellow", "type": "point" }, "geometry": { "type": "Point", "coordinates": [ -99.603630710150341, 18.889936478395978 ] } },
{ "type": "Feature", "properties": { "color": "yellow", "type": "point" }, "geometry": { "type": "Point", "coordinates": [ -99.084325364610862, 18.912227211358775 ] } },
{ "type": "Feature", "properties": { "color": "yellow", "type": "point" }, "geometry": { "type": "Point", "coordinates": [ -99.733230444004846, 18.838281759481905 ] } },
{ "type": "Feature", "properties": { "color": "yellow", "type": "point" }, "geometry": { "type": "Point", "coordinates": [ -99.603615425838726, 18.885670717948503 ] } },
{ "type": "Feature", "properties": { "color": "yellow", "type": "point" }, "geometry": { "type": "Point", "coordinates": [ -99.084325364610862, 18.912227211358775 ] } },
{ "type": "Feature", "properties": { "color": "yellow", "type": "point" }, "geometry": { "type": "Point", "coordinates": [ -99.733230444004846, 18.838281759481905 ] } },
{ "type": "Feature", "properties": { "color": "yellow", "type": "point" }, "geometry": { "type": "Point", "coordinates": [ -99.603630710150341, 18.889936478395978 ] } },
{ "type": "Feature", "properties": { "color": "yellow", "type": "point" }, "geometry": { "type": "Point", "coordinates": [ -99.084325364610862, 18.912227211358775 ] } },
{ "type": "Feature", "properties": { "color": "yellow", "type": "point" }, "geometry": { "type": "Point", "coordinates": [ -99.733230444004846, 18.838281759481905 ] } },
{ "type": "Feature", "properties": { "color": "yellow", "type": "point" }, "geometry": { "type": "Point", "coordinates": [ -99.603630710150341, 18.889936478395978 ] } },
{ "type": "Feature", "properties": { "color": "yellow", "type": "point" }, "geometry": { "type": "Point", "coordinates": [ -99.084325364610862, 18.912227211358775 ] } },
{ "type": "Feature", "properties": { "color": "yellow", "type": "point" }, "geometry": { "type": "Point", "coordinates": [ -99.733230444004846, 18.838281759481905 ] } },
{ "type": "Feature", "properties": { "color": "yellow", "type": "point" }, "geometry": { "type": "Point", "coordinates": [ -99.603630710150341, 18.889936478395978 ] } },
{ "type": "Feature", "properties": { "color": "yellow", "type": "point" }, "geometry": { "type": "Point", "coordinates": [ -99.084325364610862, 18.912227211358775 ] } },
{ "type": "Feature", "properties": { "color": "yellow", "type": "point" }, "geometry": { "type": "Point", "coordinates": [ -99.725596265580776, 18.838311641307207 ] } },
{ "type": "Feature", "properties": { "color": "yellow", "type": "point" }, "geometry": { "type": "Point", "coordinates": [ -99.603630710150341, 18.889936478395978 ] } },
{ "type": "Feature", "properties": { "color": "yellow", "type": "point" }, "geometry": { "type": "Point", "coordinates": [ -99.084327503104433, 18.916493193001973 ] } },
{ "type": "Feature", "properties": { "color": "yellow", "type": "point" }, "geometry": { "type": "Point", "coordinates": [ -99.725596265580776, 18.838311641307207 ] } },
{ "type": "Feature", "properties": { "color": "yellow", "type": "point" }, "geometry": { "type": "Point", "coordinates": [ -99.603630710150341, 18.889936478395978 ] } },
{ "type": "Feature", "properties": { "color": "yellow", "type": "point" }, "geometry": { "type": "Point", "coordinates": [ -99.084325364610862, 18.912227211358775 ] } },
{ "type": "Feature", "properties": { "color": "yellow", "type": "point" }, "geometry": { "type": "Point", "coordinates": [ -99.733230444004846, 18.838281759481905 ] } },
{ "type": "Feature", "properties": { "color": "yellow", "type": "point" }, "geometry": { "type": "Point", "coordinates": [ -99.603630710150341, 18.889936478395978 ] } },
{ "type": "Feature", "properties": { "color": "yellow", "type": "point" }, "geometry": { "type": "Point", "coordinates": [ -99.084325364610862, 18.912227211358775 ] } },
{ "type": "Feature", "properties": { "color": "yellow", "type": "point" }, "geometry": { "type": "Point", "coordinates": [ -99.725596265580776, 18.838311641307207 ] } },
{ "type": "Feature", "properties": { "color": "yellow", "type": "point" }, "geometry": { "type": "Point", "coordinates": [ -99.603630710150341, 18.889936478395978 ] } },
{ "type": "Feature", "properties": { "color": "yellow", "type": "point" }, "geometry": { "type": "Point", "coordinates": [ -99.084325364610862, 18.912227211358775 ] } },
{ "type": "Feature", "properties": { "color": "yellow", "type": "point" }, "geometry": { "type": "Point", "coordinates": [ -99.725596265580776, 18.838311641307207 ] } },
{ "type": "Feature", "properties": { "color": "yellow", "type": "point" }, "geometry": { "type": "Point", "coordinates": [ -99.603630710150341, 18.889936478395978 ] } },
{ "type": "Feature", "properties": { "color": "yellow", "type": "point" }, "geometry": { "type": "Point", "coordinates": [ -99.084325364610862, 18.912227211358775 ] } },
{ "type": "Feature", "properties": { "color": "yellow", "type": "point" }, "geometry": { "type": "Point", "coordinates": [ -99.71796207286144, 18.838341210444593 ] } },
{ "type": "Feature", "properties": { "color": "yellow", "type": "point" }, "geometry": { "type": "Point", "coordinates": [ -99.603630710150341, 18.889936478395978 ] } },
{ "type": "Feature", "properties": { "color": "yellow", "type": "point" }, "geometry": { "type": "Point", "coordinates": [ -99.084327503104433, 18.916493193001973 ] } },
{ "type": "Feature", "properties": { "color": "yellow", "type": "point" }, "geometry": { "type": "Point", "coordinates": [ -99.71796207286144, 18.838341210444593 ] } },
{ "type": "Feature", "properties": { "color": "yellow", "type": "point" }, "geometry": { "type": "Point", "coordinates": [ -99.603630710150341, 18.889936478395978 ] } },
{ "type": "Feature", "properties": { "color": "yellow", "type": "point" }, "geometry": { "type": "Point", "coordinates": [ -99.084325364610862, 18.912227211358775 ] } },
{ "type": "Feature", "properties": { "color": "yellow", "type": "point" }, "geometry": { "type": "Point", "coordinates": [ -99.71796207286144, 18.838341210444593 ] } },
{ "type": "Feature", "properties": { "color": "yellow", "type": "point" }, "geometry": { "type": "Point", "coordinates": [ -99.603630710150341, 18.889936478395978 ] } },
{ "type": "Feature", "properties": { "color": "yellow", "type": "point" }, "geometry": { "type": "Point", "coordinates": [ -99.084327503104433, 18.916493193001973 ] } },
{ "type": "Feature", "properties": { "color": "yellow", "type": "point" }, "geometry": { "type": "Point", "coordinates": [ -99.725596265580776, 18.838311641307207 ] } },
{ "type": "Feature", "properties": { "color": "yellow", "type": "point" }, "geometry": { "type": "Point", "coordinates": [ -99.603630710150341, 18.889936478395978 ] } },
{ "type": "Feature", "properties": { "color": "yellow", "type": "point" }, "geometry": { "type": "Point", "coordinates": [ -99.084327503104433, 18.916493193001973 ] } },
{ "type": "Feature", "properties": { "color": "yellow", "type": "point" }, "geometry": { "type": "Point", "coordinates": [ -99.725596265580776, 18.838311641307207 ] } },
{ "type": "Feature", "properties": { "color": "yellow", "type": "point" }, "geometry": { "type": "Point", "coordinates": [ -99.603630710150341, 18.889936478395978 ] } },
{ "type": "Feature", "properties": { "color": "yellow", "type": "point" }, "geometry": { "type": "Point", "coordinates": [ -99.084327503104433, 18.916493193001973 ] } },
{ "type": "Feature", "properties": { "color": "yellow", "type": "point" }, "geometry": { "type": "Point", "coordinates": [ -99.725596265580776, 18.838311641307207 ] } },
{ "type": "Feature", "properties": { "color": "yellow", "type": "point" }, "geometry": { "type": "Point", "coordinates": [ -99.595993992516739, 18.88996111586048 ] } },
{ "type": "Feature", "properties": { "color": "yellow", "type": "point" }, "geometry": { "type": "Point", "coordinates": [ -99.084327503104433, 18.916493193001973 ] } },
{ "type": "Feature", "properties": { "color": "yellow", "type": "point" }, "geometry": { "type": "Point", "coordinates": [ -99.71796207286144, 18.838341210444593 ] } },
{ "type": "Feature", "properties": { "color": "yellow", "type": "point" }, "geometry": { "type": "Point", "coordinates": [ -99.603630710150341, 18.889936478395978 ] } },
{ "type": "Feature", "properties": { "color": "yellow", "type": "point" }, "geometry": { "type": "Point", "coordinates": [ -99.07668916778465, 18.916496504431155 ] } },
{ "type": "Feature", "properties": { "color": "yellow", "type": "point" }, "geometry": { "type": "Point", "coordinates": [ -99.71796207286144, 18.838341210444593 ] } },
{ "type": "Feature", "properties": { "color": "yellow", "type": "point" }, "geometry": { "type": "Point", "coordinates": [ -99.603630710150341, 18.889936478395978 ] } },
{ "type": "Feature", "properties": { "color": "yellow", "type": "point" }, "geometry": { "type": "Point", "coordinates": [ -99.07668916778465, 18.916496504431155 ] } },
{ "type": "Feature", "properties": { "color": "yellow", "type": "point" }, "geometry": { "type": "Point", "coordinates": [ -99.71796207286144, 18.838341210444593 ] } },
{ "type": "Feature", "properties": { "color": "yellow", "type": "point" }, "geometry": { "type": "Point", "coordinates": [ -99.595993992516739, 18.88996111586048 ] } },
{ "type": "Feature", "properties": { "color": "yellow", "type": "point" }, "geometry": { "type": "Point", "coordinates": [ -99.07668916778465, 18.916496504431155 ] } },
{ "type": "Feature", "properties": { "color": "yellow", "type": "point" }, "geometry": { "type": "Point", "coordinates": [ -99.71796207286144, 18.838341210444593 ] } },
{ "type": "Feature", "properties": { "color": "yellow", "type": "point" }, "geometry": { "type": "Point", "coordinates": [ -99.603630710150341, 18.889936478395978 ] } },
{ "type": "Feature", "properties": { "color": "yellow", "type": "point" }, "geometry": { "type": "Point", "coordinates": [ -99.076691113096473, 18.920762484918377 ] } },
{ "type": "Feature", "properties": { "color": "yellow", "type": "point" }, "geometry": { "type": "Point", "coordinates": [ -99.71796207286144, 18.838341210444593 ] } },
{ "type": "Feature", "properties": { "color": "yellow", "type": "point" }, "geometry": { "type": "Point", "coordinates": [ -99.595993992516739, 18.88996111586048 ] } },
{ "type": "Feature", "properties": { "color": "yellow", "type": "point" }, "geometry": { "type": "Point", "coordinates": [ -99.08432964217117, 18.920759172687251 ] } },
{ "type": "Feature", "properties": { "color": "yellow", "type": "point" }, "geometry": { "type": "Point", "coordinates": [ -99.725596265580776, 18.838311641307207 ] } },
{ "type": "Feature", "properties": { "color": "yellow", "type": "point" }, "geometry": { "type": "Point", "coordinates": [ -99.595993992516739, 18.88996111586048 ] } },
{ "type": "Feature", "properties": { "color": "yellow", "type": "point" }, "geometry": { "type": "Point", "coordinates": [ -99.08432964217117, 18.920759172687251 ] } },
{ "type": "Feature", "properties": { "color": "yellow", "type": "point" }, "geometry": { "type": "Point", "coordinates": [ -99.725596265580776, 18.838311641307207 ] } },
{ "type": "Feature", "properties": { "color": "yellow", "type": "point" }, "geometry": { "type": "Point", "coordinates": [ -99.595993992516739, 18.88996111586048 ] } },
{ "type": "Feature", "properties": { "color": "yellow", "type": "point" }, "geometry": { "type": "Point", "coordinates": [ -99.084327503104433, 18.916493193001973 ] } },
{ "type": "Feature", "properties": { "color": "yellow", "type": "point" }, "geometry": { "type": "Point", "coordinates": [ -99.725596265580776, 18.838311641307207 ] } },
{ "type": "Feature", "properties": { "color": "yellow", "type": "point" }, "geometry": { "type": "Point", "coordinates": [ -99.595993992516739, 18.88996111586048 ] } },
{ "type": "Feature", "properties": { "color": "yellow", "type": "point" }, "geometry": { "type": "Point", "coordinates": [ -99.084327503104433, 18.916493193001973 ] } },
{ "type": "Feature", "properties": { "color": "yellow", "type": "point" }, "geometry": { "type": "Point", "coordinates": [ -99.725596265580776, 18.838311641307207 ] } },
{ "type": "Feature", "properties": { "color": "yellow", "type": "point" }, "geometry": { "type": "Point", "coordinates": [ -99.595993992516739, 18.88996111586048 ] } },
{ "type": "Feature", "properties": { "color": "yellow", "type": "point" }, "geometry": { "type": "Point", "coordinates": [ -99.084327503104433, 18.916493193001973 ] } },
{ "type": "Feature", "properties": { "color": "yellow", "type": "point" }, "geometry": { "type": "Point", "coordinates": [ -99.71796207286144, 18.838341210444593 ] } },
{ "type": "Feature", "properties": { "color": "yellow", "type": "point" }, "geometry": { "type": "Point", "coordinates": [ -99.603630710150341, 18.889936478395978 ] } },
{ "type": "Feature", "properties": { "color": "yellow", "type": "point" }, "geometry": { "type": "Point", "coordinates": [ -99.08432964217117, 18.920759172687251 ] } },
{ "type": "Feature", "properties": { "color": "yellow", "type": "point" }, "geometry": { "type": "Point", "coordinates": [ -99.71796207286144, 18.838341210444593 ] } },
{ "type": "Feature", "properties": { "color": "yellow", "type": "point" }, "geometry": { "type": "Point", "coordinates": [ -99.603630710150341, 18.889936478395978 ] } },
{ "type": "Feature", "properties": { "color": "yellow", "type": "point" }, "geometry": { "type": "Point", "coordinates": [ -99.08432964217117, 18.920759172687251 ] } },
{ "type": "Feature", "properties": { "color": "yellow", "type": "point" }, "geometry": { "type": "Point", "coordinates": [ -99.71796207286144, 18.838341210444593 ] } },
{ "type": "Feature", "properties": { "color": "yellow", "type": "point" }, "geometry": { "type": "Point", "coordinates": [ -99.595993992516739, 18.88996111586048 ] } },
{ "type": "Feature", "properties": { "color": "yellow", "type": "point" }, "geometry": { "type": "Point", "coordinates": [ -99.08432964217117, 18.920759172687251 ] } },
{ "type": "Feature", "properties": { "color": "yellow", "type": "point" }, "geometry": { "type": "Point", "coordinates": [ -99.71796207286144, 18.838341210444593 ] } },
{ "type": "Feature", "properties": { "color": "yellow", "type": "point" }, "geometry": { "type": "Point", "coordinates": [ -99.595993992516739, 18.88996111586048 ] } },
{ "type": "Feature", "properties": { "color": "yellow", "type": "point" }, "geometry": { "type": "Point", "coordinates": [ -99.08432964217117, 18.920759172687251 ] } },
{ "type": "Feature", "properties": { "color": "yellow", "type": "point" }, "geometry": { "type": "Point", "coordinates": [ -99.71796207286144, 18.838341210444593 ] } },
{ "type": "Feature", "properties": { "color": "yellow", "type": "point" }, "geometry": { "type": "Point", "coordinates": [ -99.595993992516739, 18.88996111586048 ] } },
{ "type": "Feature", "properties": { "color": "yellow", "type": "point" }, "geometry": { "type": "Point", "coordinates": [ -99.08432964217117, 18.920759172687251 ] } },
{ "type": "Feature", "properties": { "color": "yellow", "type": "point" }, "geometry": { "type": "Point", "coordinates": [ -99.71796207286144, 18.838341210444593 ] } },
{ "type": "Feature", "properties": { "color": "yellow", "type": "point" }, "geometry": { "type": "Point", "coordinates": [ -99.603630710150341, 18.889936478395978 ] } },
{ "type": "Feature", "properties": { "color": "yellow", "type": "point" }, "geometry": { "type": "Point", "coordinates": [ -99.08432964217117, 18.920759172687251 ] } },
{ "type": "Feature", "properties": { "color": "yellow", "type": "point" }, "geometry": { "type": "Point", "coordinates": [ -99.71796207286144, 18.838341210444593 ] } },
{ "type": "Feature", "properties": { "color": "yellow", "type": "point" }, "geometry": { "type": "Point", "coordinates": [ -99.603630710150341, 18.889936478395978 ] } },
{ "type": "Feature", "properties": { "color": "yellow", "type": "point" }, "geometry": { "type": "Point", "coordinates": [ -99.08432964217117, 18.920759172687251 ] } },
{ "type": "Feature", "properties": { "color": "yellow", "type": "point" }, "geometry": { "type": "Point", "coordinates": [ -99.71796207286144, 18.838341210444593 ] } },
{ "type": "Feature", "properties": { "color": "yellow", "type": "point" }, "geometry": { "type": "Point", "coordinates": [ -99.603630710150341, 18.889936478395978 ] } },
{ "type": "Feature", "properties": { "color": "yellow", "type": "point" }, "geometry": { "type": "Point", "coordinates": [ -99.08432964217117, 18.920759172687251 ] } },
{ "type": "Feature", "properties": { "color": "yellow", "type": "point" }, "geometry": { "type": "Point", "coordinates": [ -99.725614588915434, 18.842577317514447 ] } },
{ "type": "Feature", "properties": { "color": "yellow", "type": "point" }, "geometry": { "type": "Point", "coordinates": [ -99.603645998562172, 18.894202236876389 ] } },
{ "type": "Feature", "properties": { "color": "yellow", "type": "point" }, "geometry": { "type": "Point", "coordinates": [ -99.08433178181113, 18.92502515041426 ] } },
{ "type": "Feature", "properties": { "color": "yellow", "type": "point" }, "geometry": { "type": "Point", "coordinates": [ -99.725614588915434, 18.842577317514447 ] } },
{ "type": "Feature", "properties": { "color": "yellow", "type": "point" }, "geometry": { "type": "Point", "coordinates": [ -99.603645998562172, 18.894202236876389 ] } },
{ "type": "Feature", "properties": { "color": "yellow", "type": "point" }, "geometry": { "type": "Point", "coordinates": [ -99.091970503027952, 18.925021523053648 ] } },
{ "type": "Feature", "properties": { "color": "yellow", "type": "point" }, "geometry": { "type": "Point", "coordinates": [ -99.725614588915434, 18.842577317514447 ] } },
{ "type": "Feature", "properties": { "color": "yellow", "type": "point" }, "geometry": { "type": "Point", "coordinates": [ -99.603645998562172, 18.894202236876389 ] } },
{ "type": "Feature", "properties": { "color": "yellow", "type": "point" }, "geometry": { "type": "Point", "coordinates": [ -99.091970503027952, 18.925021523053648 ] } },
{ "type": "Feature", "properties": { "color": "yellow", "type": "point" }, "geometry": { "type": "Point", "coordinates": [ -99.725614588915434, 18.842577317514447 ] } },
{ "type": "Feature", "properties": { "color": "yellow", "type": "point" }, "geometry": { "type": "Point", "coordinates": [ -99.603645998562172, 18.894202236876389 ] } },
{ "type": "Feature", "properties": { "color": "yellow", "type": "point" }, "geometry": { "type": "Point", "coordinates": [ -99.091970503027952, 18.925021523053648 ] } },
{ "type": "Feature", "properties": { "color": "yellow", "type": "point" }, "geometry": { "type": "Point", "coordinates": [ -99.725614588915434, 18.842577317514447 ] } },
{ "type": "Feature", "properties": { "color": "yellow", "type": "point" }, "geometry": { "type": "Point", "coordinates": [ -99.603645998562172, 18.894202236876389 ] } },
{ "type": "Feature", "properties": { "color": "yellow", "type": "point" }, "geometry": { "type": "Point", "coordinates": [ -99.091970503027952, 18.925021523053648 ] } },
{ "type": "Feature", "properties": { "color": "yellow", "type": "point" }, "geometry": { "type": "Point", "coordinates": [ -99.725614588915434, 18.842577317514447 ] } },
{ "type": "Feature", "properties": { "color": "yellow", "type": "point" }, "geometry": { "type": "Point", "coordinates": [ -99.603645998562172, 18.894202236876389 ] } },
{ "type": "Feature", "properties": { "color": "yellow", "type": "point" }, "geometry": { "type": "Point", "coordinates": [ -99.091970503027952, 18.925021523053648 ] } },
{ "type": "Feature", "properties": { "color": "yellow", "type": "point" }, "geometry": { "type": "Point", "coordinates": [ -99.725596265580776, 18.838311641307207 ] } },
{ "type": "Feature", "properties": { "color": "yellow", "type": "point" }, "geometry": { "type": "Point", "coordinates": [ -99.603645998562172, 18.894202236876389 ] } },
{ "type": "Feature", "properties": { "color": "yellow", "type": "point" }, "geometry": { "type": "Point", "coordinates": [ -99.091970503027952, 18.925021523053648 ] } },
{ "type": "Feature", "properties": { "color": "yellow", "type": "point" }, "geometry": { "type": "Point", "coordinates": [ -99.725614588915434, 18.842577317514447 ] } },
{ "type": "Feature", "properties": { "color": "yellow", "type": "point" }, "geometry": { "type": "Point", "coordinates": [ -99.603645998562172, 18.894202236876389 ] } },
{ "type": "Feature", "properties": { "color": "yellow", "type": "point" }, "geometry": { "type": "Point", "coordinates": [ -99.091970503027952, 18.925021523053648 ] } },
{ "type": "Feature", "properties": { "color": "yellow", "type": "point" }, "geometry": { "type": "Point", "coordinates": [ -99.725614588915434, 18.842577317514447 ] } },
{ "type": "Feature", "properties": { "color": "yellow", "type": "point" }, "geometry": { "type": "Point", "coordinates": [ -99.603645998562172, 18.894202236876389 ] } },
{ "type": "Feature", "properties": { "color": "yellow", "type": "point" }, "geometry": { "type": "Point", "coordinates": [ -99.091972837099789, 18.929287497943903 ] } },
{ "type": "Feature", "properties": { "color": "yellow", "type": "point" }, "geometry": { "type": "Point", "coordinates": [ -99.725614588915434, 18.842577317514447 ] } },
{ "type": "Feature", "properties": { "color": "yellow", "type": "point" }, "geometry": { "type": "Point", "coordinates": [ -99.611298383632089, 18.898443030188616 ] } },
{ "type": "Feature", "properties": { "color": "yellow", "type": "point" }, "geometry": { "type": "Point", "coordinates": [ -99.091972837099789, 18.929287497943903 ] } },
{ "type": "Feature", "properties": { "color": "yellow", "type": "point" }, "geometry": { "type": "Point", "coordinates": [ -99.725614588915434, 18.842577317514447 ] } },
{ "type": "Feature", "properties": { "color": "yellow", "type": "point" }, "geometry": { "type": "Point", "coordinates": [ -99.611282897678791, 18.894177279725323 ] } },
{ "type": "Feature", "properties": { "color": "yellow", "type": "point" }, "geometry": { "type": "Point", "coordinates": [ -99.091970503027952, 18.925021523053648 ] } },
{ "type": "Feature", "properties": { "color": "yellow", "type": "point" }, "geometry": { "type": "Point", "coordinates": [ -99.725596265580776, 18.838311641307207 ] } },
{ "type": "Feature", "properties": { "color": "yellow", "type": "point" }, "geometry": { "type": "Point", "coordinates": [ -99.611282897678791, 18.894177279725323 ] } },
{ "type": "Feature", "properties": { "color": "yellow", "type": "point" }, "geometry": { "type": "Point", "coordinates": [ -99.091970503027952, 18.925021523053648 ] } },
{ "type": "Feature", "properties": { "color": "yellow", "type": "point" }, "geometry": { "type": "Point", "coordinates": [ -99.725596265580776, 18.838311641307207 ] } },
{ "type": "Feature", "properties": { "color": "yellow", "type": "point" }, "geometry": { "type": "Point", "coordinates": [ -99.603645998562172, 18.894202236876389 ] } },
{ "type": "Feature", "properties": { "color": "yellow", "type": "point" }, "geometry": { "type": "Point", "coordinates": [ -99.091970503027952, 18.925021523053648 ] } },
{ "type": "Feature", "properties": { "color": "yellow", "type": "point" }, "geometry": { "type": "Point", "coordinates": [ -99.725596265580776, 18.838311641307207 ] } },
{ "type": "Feature", "properties": { "color": "yellow", "type": "point" }, "geometry": { "type": "Point", "coordinates": [ -99.603645998562172, 18.894202236876389 ] } },
{ "type": "Feature", "properties": { "color": "yellow", "type": "point" }, "geometry": { "type": "Point", "coordinates": [ -99.091970503027952, 18.925021523053648 ] } },
{ "type": "Feature", "properties": { "color": "yellow", "type": "point" }, "geometry": { "type": "Point", "coordinates": [ -99.725596265580776, 18.838311641307207 ] } },
{ "type": "Feature", "properties": { "color": "yellow", "type": "point" }, "geometry": { "type": "Point", "coordinates": [ -99.603645998562172, 18.894202236876389 ] } },
{ "type": "Feature", "properties": { "color": "yellow", "type": "point" }, "geometry": { "type": "Point", "coordinates": [ -99.091970503027952, 18.925021523053648 ] } },
{ "type": "Feature", "properties": { "color": "yellow", "type": "point" }, "geometry": { "type": "Point", "coordinates": [ -99.725596265580776, 18.838311641307207 ] } },
{ "type": "Feature", "properties": { "color": "yellow", "type": "point" }, "geometry": { "type": "Point", "coordinates": [ -99.603645998562172, 18.894202236876389 ] } },
{ "type": "Feature", "properties": { "color": "yellow", "type": "point" }, "geometry": { "type": "Point", "coordinates": [ -99.091970503027952, 18.925021523053648 ] } },
{ "type": "Feature", "properties": { "color": "yellow", "type": "point" }, "geometry": { "type": "Point", "coordinates": [ -99.725596265580776, 18.838311641307207 ] } },
{ "type": "Feature", "properties": { "color": "yellow", "type": "point" }, "geometry": { "type": "Point", "coordinates": [ -99.611282897678791, 18.894177279725323 ] } },
{ "type": "Feature", "properties": { "color": "yellow", "type": "point" }, "geometry": { "type": "Point", "coordinates": [ -99.091970503027952, 18.925021523053648 ] } },
{ "type": "Feature", "properties": { "color": "yellow", "type": "point" }, "geometry": { "type": "Point", "coordinates": [ -99.725596265580776, 18.838311641307207 ] } },
{ "type": "Feature", "properties": { "color": "yellow", "type": "point" }, "geometry": { "type": "Point", "coordinates": [ -99.611282897678791, 18.894177279725323 ] } },
{ "type": "Feature", "properties": { "color": "yellow", "type": "point" }, "geometry": { "type": "Point", "coordinates": [ -99.08433178181113, 18.92502515041426 ] } },
{ "type": "Feature", "properties": { "color": "yellow", "type": "point" }, "geometry": { "type": "Point", "coordinates": [ -99.725614588915434, 18.842577317514447 ] } },
{ "type": "Feature", "properties": { "color": "yellow", "type": "point" }, "geometry": { "type": "Point", "coordinates": [ -99.603645998562172, 18.894202236876389 ] } },
{ "type": "Feature", "properties": { "color": "yellow", "type": "point" }, "geometry": { "type": "Point", "coordinates": [ -99.091970503027952, 18.925021523053648 ] } },
{ "type": "Feature", "properties": { "color": "yellow", "type": "point" }, "geometry": { "type": "Point", "coordinates": [ -99.725614588915434, 18.842577317514447 ] } },
{ "type": "Feature", "properties": { "color": "yellow", "type": "point" }, "geometry": { "type": "Point", "coordinates": [ -99.603645998562172, 18.894202236876389 ] } },
{ "type": "Feature", "properties": { "color": "yellow", "type": "point" }, "geometry": { "type": "Point", "coordinates": [ -99.091970503027952, 18.925021523053648 ] } },
{ "type": "Feature", "properties": { "color": "yellow", "type": "point" }, "geometry": { "type": "Point", "coordinates": [ -99.725614588915434, 18.842577317514447 ] } },
{ "type": "Feature", "properties": { "color": "yellow", "type": "point" }, "geometry": { "type": "Point", "coordinates": [ -99.603645998562172, 18.894202236876389 ] } },
{ "type": "Feature", "properties": { "color": "yellow", "type": "point" }, "geometry": { "type": "Point", "coordinates": [ -99.08433178181113, 18.92502515041426 ] } },
{ "type": "Feature", "properties": { "color": "yellow", "type": "point" }, "geometry": { "type": "Point", "coordinates": [ -99.725596265580776, 18.838311641307207 ] } },
{ "type": "Feature", "properties": { "color": "yellow", "type": "point" }, "geometry": { "type": "Point", "coordinates": [ -99.603630710150341, 18.889936478395978 ] } },
{ "type": "Feature", "properties": { "color": "yellow", "type": "point" }, "geometry": { "type": "Point", "coordinates": [ -99.08433178181113, 18.92502515041426 ] } },
{ "type": "Feature", "properties": { "color": "yellow", "type": "point" }, "geometry": { "type": "Point", "coordinates": [ -99.725596265580776, 18.838311641307207 ] } },
{ "type": "Feature", "properties": { "color": "yellow", "type": "point" }, "geometry": { "type": "Point", "coordinates": [ -99.603630710150341, 18.889936478395978 ] } },
{ "type": "Feature", "properties": { "color": "yellow", "type": "point" }, "geometry": { "type": "Point", "coordinates": [ -99.08433178181113, 18.92502515041426 ] } },
{ "type": "Feature", "properties": { "color": "yellow", "type": "point" }, "geometry": { "type": "Point", "coordinates": [ -99.71796207286144, 18.838341210444593 ] } },
{ "type": "Feature", "properties": { "color": "yellow", "type": "point" }, "geometry": { "type": "Point", "coordinates": [ -99.603630710150341, 18.889936478395978 ] } },
{ "type": "Feature", "properties": { "color": "yellow", "type": "point" }, "geometry": { "type": "Point", "coordinates": [ -99.08433178181113, 18.92502515041426 ] } },
{ "type": "Feature", "properties": { "color": "yellow", "type": "point" }, "geometry": { "type": "Point", "coordinates": [ -99.71796207286144, 18.838341210444593 ] } },
{ "type": "Feature", "properties": { "color": "yellow", "type": "point" }, "geometry": { "type": "Point", "coordinates": [ -99.595993992516739, 18.88996111586048 ] } },
{ "type": "Feature", "properties": { "color": "yellow", "type": "point" }, "geometry": { "type": "Point", "coordinates": [ -99.08432964217117, 18.920759172687251 ] } },
{ "type": "Feature", "properties": { "color": "yellow", "type": "point" }, "geometry": { "type": "Point", "coordinates": [ -99.71796207286144, 18.838341210444593 ] } },
{ "type": "Feature", "properties": { "color": "yellow", "type": "point" }, "geometry": { "type": "Point", "coordinates": [ -99.603630710150341, 18.889936478395978 ] } },
{ "type": "Feature", "properties": { "color": "yellow", "type": "point" }, "geometry": { "type": "Point", "coordinates": [ -99.08432964217117, 18.920759172687251 ] } },
{ "type": "Feature", "properties": { "color": "yellow", "type": "point" }, "geometry": { "type": "Point", "coordinates": [ -99.71796207286144, 18.838341210444593 ] } },
{ "type": "Feature", "properties": { "color": "yellow", "type": "point" }, "geometry": { "type": "Point", "coordinates": [ -99.603630710150341, 18.889936478395978 ] } },
{ "type": "Feature", "properties": { "color": "yellow", "type": "point" }, "geometry": { "type": "Point", "coordinates": [ -99.08432964217117, 18.920759172687251 ] } },
{ "type": "Feature", "properties": { "color": "yellow", "type": "point" }, "geometry": { "type": "Point", "coordinates": [ -99.71796207286144, 18.838341210444593 ] } },
{ "type": "Feature", "properties": { "color": "yellow", "type": "point" }, "geometry": { "type": "Point", "coordinates": [ -99.595978901543575, 18.885695349439942 ] } },
{ "type": "Feature", "properties": { "color": "yellow", "type": "point" }, "geometry": { "type": "Point", "coordinates": [ -99.08432964217117, 18.920759172687251 ] } },
{ "type": "Feature", "properties": { "color": "yellow", "type": "point" }, "geometry": { "type": "Point", "coordinates": [ -99.71796207286144, 18.838341210444593 ] } },
{ "type": "Feature", "properties": { "color": "yellow", "type": "point" }, "geometry": { "type": "Point", "coordinates": [ -99.595978901543575, 18.885695349439942 ] } },
{ "type": "Feature", "properties": { "color": "yellow", "type": "point" }, "geometry": { "type": "Point", "coordinates": [ -99.084327503104433, 18.916493193001973 ] } },
{ "type": "Feature", "properties": { "color": "yellow", "type": "point" }, "geometry": { "type": "Point", "coordinates": [ -99.717943947142203, 18.834075525084319 ] } },
{ "type": "Feature", "properties": { "color": "yellow", "type": "point" }, "geometry": { "type": "Point", "coordinates": [ -99.595978901543575, 18.885695349439942 ] } },
{ "type": "Feature", "properties": { "color": "yellow", "type": "point" }, "geometry": { "type": "Point", "coordinates": [ -99.084327503104433, 18.916493193001973 ] } },
{ "type": "Feature", "properties": { "color": "yellow", "type": "point" }, "geometry": { "type": "Point", "coordinates": [ -99.717943947142203, 18.834075525084319 ] } },
{ "type": "Feature", "properties": { "color": "yellow", "type": "point" }, "geometry": { "type": "Point", "coordinates": [ -99.603615425838726, 18.885670717948503 ] } },
{ "type": "Feature", "properties": { "color": "yellow", "type": "point" }, "geometry": { "type": "Point", "coordinates": [ -99.084327503104433, 18.916493193001973 ] } },
{ "type": "Feature", "properties": { "color": "yellow", "type": "point" }, "geometry": { "type": "Point", "coordinates": [ -99.717943947142203, 18.834075525084319 ] } },
{ "type": "Feature", "properties": { "color": "yellow", "type": "point" }, "geometry": { "type": "Point", "coordinates": [ -99.603615425838726, 18.885670717948503 ] } },
{ "type": "Feature", "properties": { "color": "yellow", "type": "point" }, "geometry": { "type": "Point", "coordinates": [ -99.084327503104433, 18.916493193001973 ] } },
{ "type": "Feature", "properties": { "color": "yellow", "type": "point" }, "geometry": { "type": "Point", "coordinates": [ -99.717943947142203, 18.834075525084319 ] } },
{ "type": "Feature", "properties": { "color": "yellow", "type": "point" }, "geometry": { "type": "Point", "coordinates": [ -99.595963814618258, 18.881429581053016 ] } },
{ "type": "Feature", "properties": { "color": "yellow", "type": "point" }, "geometry": { "type": "Point", "coordinates": [ -99.084327503104433, 18.916493193001973 ] } },
{ "type": "Feature", "properties": { "color": "yellow", "type": "point" }, "geometry": { "type": "Point", "coordinates": [ -99.733211932902563, 18.834016088568344 ] } },
{ "type": "Feature", "properties": { "color": "yellow", "type": "point" }, "geometry": { "type": "Point", "coordinates": [ -99.603600145626828, 18.881404955534368 ] } },
{ "type": "Feature", "properties": { "color": "yellow", "type": "point" }, "geometry": { "type": "Point", "coordinates": [ -99.084325364610862, 18.912227211358775 ] } },
{ "type": "Feature", "properties": { "color": "yellow", "type": "point" }, "geometry": { "type": "Point", "coordinates": [ -99.733211932902563, 18.834016088568344 ] } },
{ "type": "Feature", "properties": { "color": "yellow", "type": "point" }, "geometry": { "type": "Point", "coordinates": [ -99.603600145626828, 18.881404955534368 ] } },
{ "type": "Feature", "properties": { "color": "yellow", "type": "point" }, "geometry": { "type": "Point", "coordinates": [ -99.084327503104433, 18.916493193001973 ] } },
{ "type": "Feature", "properties": { "color": "yellow", "type": "point" }, "geometry": { "type": "Point", "coordinates": [ -99.733211932902563, 18.834016088568344 ] } },
{ "type": "Feature", "properties": { "color": "yellow", "type": "point" }, "geometry": { "type": "Point", "coordinates": [ -99.603600145626828, 18.881404955534368 ] } },
{ "type": "Feature", "properties": { "color": "yellow", "type": "point" }, "geometry": { "type": "Point", "coordinates": [ -99.084325364610862, 18.912227211358775 ] } },
{ "type": "Feature", "properties": { "color": "yellow", "type": "point" }, "geometry": { "type": "Point", "coordinates": [ -99.733211932902563, 18.834016088568344 ] } },
{ "type": "Feature", "properties": { "color": "yellow", "type": "point" }, "geometry": { "type": "Point", "coordinates": [ -99.603600145626828, 18.881404955534368 ] } },
{ "type": "Feature", "properties": { "color": "yellow", "type": "point" }, "geometry": { "type": "Point", "coordinates": [ -99.084325364610862, 18.912227211358775 ] } },
{ "type": "Feature", "properties": { "color": "yellow", "type": "point" }, "geometry": { "type": "Point", "coordinates": [ -99.733211932902563, 18.834016088568344 ] } },
{ "type": "Feature", "properties": { "color": "yellow", "type": "point" }, "geometry": { "type": "Point", "coordinates": [ -99.603600145626828, 18.881404955534368 ] } },
{ "type": "Feature", "properties": { "color": "yellow", "type": "point" }, "geometry": { "type": "Point", "coordinates": [ -99.076687222994067, 18.912230521986071 ] } },
{ "type": "Feature", "properties": { "color": "yellow", "type": "point" }, "geometry": { "type": "Point", "coordinates": [ -99.733211932902563, 18.834016088568344 ] } },
{ "type": "Feature", "properties": { "color": "yellow", "type": "point" }, "geometry": { "type": "Point", "coordinates": [ -99.603600145626828, 18.881404955534368 ] } },
{ "type": "Feature", "properties": { "color": "yellow", "type": "point" }, "geometry": { "type": "Point", "coordinates": [ -99.084325364610862, 18.912227211358775 ] } },
{ "type": "Feature", "properties": { "color": "yellow", "type": "point" }, "geometry": { "type": "Point", "coordinates": [ -99.733211932902563, 18.834016088568344 ] } },
{ "type": "Feature", "properties": { "color": "yellow", "type": "point" }, "geometry": { "type": "Point", "coordinates": [ -99.603600145626828, 18.881404955534368 ] } },
{ "type": "Feature", "properties": { "color": "yellow", "type": "point" }, "geometry": { "type": "Point", "coordinates": [ -99.084325364610862, 18.912227211358775 ] } },
{ "type": "Feature", "properties": { "color": "yellow", "type": "point" }, "geometry": { "type": "Point", "coordinates": [ -99.603584869514165, 18.87713919115394 ] } },
{ "type": "Feature", "properties": { "color": "yellow", "type": "point" }, "geometry": { "type": "Point", "coordinates": [ -99.084325364610862, 18.912227211358775 ] } },
{ "type": "Feature", "properties": { "color": "yellow", "type": "point" }, "geometry": { "type": "Point", "coordinates": [ -99.603584869514165, 18.87713919115394 ] } },
{ "type": "Feature", "properties": { "color": "yellow", "type": "point" }, "geometry": { "type": "Point", "coordinates": [ -99.084325364610862, 18.912227211358775 ] } },
{ "type": "Feature", "properties": { "color": "yellow", "type": "point" }, "geometry": { "type": "Point", "coordinates": [ -99.603584869514165, 18.87713919115394 ] } },
{ "type": "Feature", "properties": { "color": "yellow", "type": "point" }, "geometry": { "type": "Point", "coordinates": [ -99.084325364610862, 18.912227211358775 ] } },
{ "type": "Feature", "properties": { "color": "yellow", "type": "point" }, "geometry": { "type": "Point", "coordinates": [ -99.603584869514165, 18.87713919115394 ] } },
{ "type": "Feature", "properties": { "color": "yellow", "type": "point" }, "geometry": { "type": "Point", "coordinates": [ -99.084325364610862, 18.912227211358775 ] } },
{ "type": "Feature", "properties": { "color": "yellow", "type": "point" }, "geometry": { "type": "Point", "coordinates": [ -99.725577947169199, 18.834045963132297 ] } },
{ "type": "Feature", "properties": { "color": "yellow", "type": "point" }, "geometry": { "type": "Point", "coordinates": [ -99.595948731740336, 18.8771638107001 ] } },
{ "type": "Feature", "properties": { "color": "yellow", "type": "point" }, "geometry": { "type": "Point", "coordinates": [ -99.076687222994067, 18.912230521986071 ] } },
{ "type": "Feature", "properties": { "color": "yellow", "type": "point" }, "geometry": { "type": "Point", "coordinates": [ -99.725577947169199, 18.834045963132297 ] } },
{ "type": "Feature", "properties": { "color": "yellow", "type": "point" }, "geometry": { "type": "Point", "coordinates": [ -99.595948731740336, 18.8771638107001 ] } },
{ "type": "Feature", "properties": { "color": "yellow", "type": "point" }, "geometry": { "type": "Point", "coordinates": [ -99.076687222994067, 18.912230521986071 ] } },
{ "type": "Feature", "properties": { "color": "yellow", "type": "point" }, "geometry": { "type": "Point", "coordinates": [ -99.595948731740336, 18.8771638107001 ] } },
{ "type": "Feature", "properties": { "color": "yellow", "type": "point" }, "geometry": { "type": "Point", "coordinates": [ -99.076687222994067, 18.912230521986071 ] } },
{ "type": "Feature", "properties": { "color": "yellow", "type": "point" }, "geometry": { "type": "Point", "coordinates": [ -99.595948731740336, 18.8771638107001 ] } },
{ "type": "Feature", "properties": { "color": "yellow", "type": "point" }, "geometry": { "type": "Point", "coordinates": [ -99.076687222994067, 18.912230521986071 ] } },
{ "type": "Feature", "properties": { "color": "yellow", "type": "point" }, "geometry": { "type": "Point", "coordinates": [ -99.595948731740336, 18.8771638107001 ] } },
{ "type": "Feature", "properties": { "color": "yellow", "type": "point" }, "geometry": { "type": "Point", "coordinates": [ -99.076687222994067, 18.912230521986071 ] } },
{ "type": "Feature", "properties": { "color": "yellow", "type": "point" }, "geometry": { "type": "Point", "coordinates": [ -99.595948731740336, 18.8771638107001 ] } },
{ "type": "Feature", "properties": { "color": "yellow", "type": "point" }, "geometry": { "type": "Point", "coordinates": [ -99.076685278724696, 18.907964537583496 ] } },
{ "type": "Feature", "properties": { "color": "yellow", "type": "point" }, "geometry": { "type": "Point", "coordinates": [ -99.595948731740336, 18.8771638107001 ] } },
{ "type": "Feature", "properties": { "color": "yellow", "type": "point" }, "geometry": { "type": "Point", "coordinates": [ -99.076685278724696, 18.907964537583496 ] } },
{ "type": "Feature", "properties": { "color": "yellow", "type": "point" }, "geometry": { "type": "Point", "coordinates": [ -99.595948731740336, 18.8771638107001 ] } },
{ "type": "Feature", "properties": { "color": "yellow", "type": "point" }, "geometry": { "type": "Point", "coordinates": [ -99.076687222994067, 18.912230521986071 ] } },
{ "type": "Feature", "properties": { "color": "yellow", "type": "point" }, "geometry": { "type": "Point", "coordinates": [ -99.588312582215309, 18.877188116835107 ] } },
{ "type": "Feature", "properties": { "color": "yellow", "type": "point" }, "geometry": { "type": "Point", "coordinates": [ -99.076685278724696, 18.907964537583496 ] } },
{ "type": "Feature", "properties": { "color": "yellow", "type": "point" }, "geometry": { "type": "Point", "coordinates": [ -99.588312582215309, 18.877188116835107 ] } },
{ "type": "Feature", "properties": { "color": "yellow", "type": "point" }, "geometry": { "type": "Point", "coordinates": [ -99.076685278724696, 18.907964537583496 ] } },
{ "type": "Feature", "properties": { "color": "yellow", "type": "point" }, "geometry": { "type": "Point", "coordinates": [ -99.595933652909352, 18.87289803838155 ] } },
{ "type": "Feature", "properties": { "color": "yellow", "type": "point" }, "geometry": { "type": "Point", "coordinates": [ -99.076685278724696, 18.907964537583496 ] } },
{ "type": "Feature", "properties": { "color": "yellow", "type": "point" }, "geometry": { "type": "Point", "coordinates": [ -99.595933652909352, 18.87289803838155 ] } },
{ "type": "Feature", "properties": { "color": "yellow", "type": "point" }, "geometry": { "type": "Point", "coordinates": [ -99.076685278724696, 18.907964537583496 ] } },
{ "type": "Feature", "properties": { "color": "yellow", "type": "point" }, "geometry": { "type": "Point", "coordinates": [ -99.595933652909352, 18.87289803838155 ] } },
{ "type": "Feature", "properties": { "color": "yellow", "type": "point" }, "geometry": { "type": "Point", "coordinates": [ -99.076685278724696, 18.907964537583496 ] } },
{ "type": "Feature", "properties": { "color": "yellow", "type": "point" }, "geometry": { "type": "Point", "coordinates": [ -99.595933652909352, 18.87289803838155 ] } },
{ "type": "Feature", "properties": { "color": "yellow", "type": "point" }, "geometry": { "type": "Point", "coordinates": [ -99.076685278724696, 18.907964537583496 ] } },
{ "type": "Feature", "properties": { "color": "yellow", "type": "point" }, "geometry": { "type": "Point", "coordinates": [ -99.595948731740336, 18.8771638107001 ] } },
{ "type": "Feature", "properties": { "color": "yellow", "type": "point" }, "geometry": { "type": "Point", "coordinates": [ -99.076685278724696, 18.907964537583496 ] } },
{ "type": "Feature", "properties": { "color": "yellow", "type": "point" }, "geometry": { "type": "Point", "coordinates": [ -99.595948731740336, 18.8771638107001 ] } },
{ "type": "Feature", "properties": { "color": "yellow", "type": "point" }, "geometry": { "type": "Point", "coordinates": [ -99.076685278724696, 18.907964537583496 ] } },
{ "type": "Feature", "properties": { "color": "yellow", "type": "point" }, "geometry": { "type": "Point", "coordinates": [ -99.588312582215309, 18.877188116835107 ] } },
{ "type": "Feature", "properties": { "color": "yellow", "type": "point" }, "geometry": { "type": "Point", "coordinates": [ -99.076685278724696, 18.907964537583496 ] } },
{ "type": "Feature", "properties": { "color": "yellow", "type": "point" }, "geometry": { "type": "Point", "coordinates": [ -99.595948731740336, 18.8771638107001 ] } },
{ "type": "Feature", "properties": { "color": "yellow", "type": "point" }, "geometry": { "type": "Point", "coordinates": [ -99.076685278724696, 18.907964537583496 ] } },
{ "type": "Feature", "properties": { "color": "yellow", "type": "point" }, "geometry": { "type": "Point", "coordinates": [ -99.595948731740336, 18.8771638107001 ] } },
{ "type": "Feature", "properties": { "color": "yellow", "type": "point" }, "geometry": { "type": "Point", "coordinates": [ -99.076685278724696, 18.907964537583496 ] } },
{ "type": "Feature", "properties": { "color": "yellow", "type": "point" }, "geometry": { "type": "Point", "coordinates": [ -99.595948731740336, 18.8771638107001 ] } },
{ "type": "Feature", "properties": { "color": "yellow", "type": "point" }, "geometry": { "type": "Point", "coordinates": [ -99.076687222994067, 18.912230521986071 ] } },
{ "type": "Feature", "properties": { "color": "yellow", "type": "point" }, "geometry": { "type": "Point", "coordinates": [ -99.595948731740336, 18.8771638107001 ] } },
{ "type": "Feature", "properties": { "color": "yellow", "type": "point" }, "geometry": { "type": "Point", "coordinates": [ -99.076687222994067, 18.912230521986071 ] } },
{ "type": "Feature", "properties": { "color": "yellow", "type": "point" }, "geometry": { "type": "Point", "coordinates": [ -99.717943947142203, 18.834075525084319 ] } },
{ "type": "Feature", "properties": { "color": "yellow", "type": "point" }, "geometry": { "type": "Point", "coordinates": [ -99.595948731740336, 18.8771638107001 ] } },
{ "type": "Feature", "properties": { "color": "yellow", "type": "point" }, "geometry": { "type": "Point", "coordinates": [ -99.076687222994067, 18.912230521986071 ] } },
{ "type": "Feature", "properties": { "color": "yellow", "type": "point" }, "geometry": { "type": "Point", "coordinates": [ -99.595948731740336, 18.8771638107001 ] } },
{ "type": "Feature", "properties": { "color": "yellow", "type": "point" }, "geometry": { "type": "Point", "coordinates": [ -99.076687222994067, 18.912230521986071 ] } },
{ "type": "Feature", "properties": { "color": "yellow", "type": "point" }, "geometry": { "type": "Point", "coordinates": [ -99.710309932971938, 18.834104774421899 ] } },
{ "type": "Feature", "properties": { "color": "yellow", "type": "point" }, "geometry": { "type": "Point", "coordinates": [ -99.595948731740336, 18.8771638107001 ] } },
{ "type": "Feature", "properties": { "color": "yellow", "type": "point" }, "geometry": { "type": "Point", "coordinates": [ -99.076687222994067, 18.912230521986071 ] } },
{ "type": "Feature", "properties": { "color": "yellow", "type": "point" }, "geometry": { "type": "Point", "coordinates": [ -99.710309932971938, 18.834104774421899 ] } },
{ "type": "Feature", "properties": { "color": "yellow", "type": "point" }, "geometry": { "type": "Point", "coordinates": [ -99.595948731740336, 18.8771638107001 ] } },
{ "type": "Feature", "properties": { "color": "yellow", "type": "point" }, "geometry": { "type": "Point", "coordinates": [ -99.076687222994067, 18.912230521986071 ] } },
{ "type": "Feature", "properties": { "color": "yellow", "type": "point" }, "geometry": { "type": "Point", "coordinates": [ -99.710309932971938, 18.834104774421899 ] } },
{ "type": "Feature", "properties": { "color": "yellow", "type": "point" }, "geometry": { "type": "Point", "coordinates": [ -99.595948731740336, 18.8771638107001 ] } },
{ "type": "Feature", "properties": { "color": "yellow", "type": "point" }, "geometry": { "type": "Point", "coordinates": [ -99.076687222994067, 18.912230521986071 ] } },
{ "type": "Feature", "properties": { "color": "yellow", "type": "point" }, "geometry": { "type": "Point", "coordinates": [ -99.71029200476562, 18.829839079985629 ] } },
{ "type": "Feature", "properties": { "color": "yellow", "type": "point" }, "geometry": { "type": "Point", "coordinates": [ -99.595948731740336, 18.8771638107001 ] } },
{ "type": "Feature", "properties": { "color": "yellow", "type": "point" }, "geometry": { "type": "Point", "coordinates": [ -99.076687222994067, 18.912230521986071 ] } },
{ "type": "Feature", "properties": { "color": "yellow", "type": "point" }, "geometry": { "type": "Point", "coordinates": [ -99.710309932971938, 18.834104774421899 ] } },
{ "type": "Feature", "properties": { "color": "yellow", "type": "point" }, "geometry": { "type": "Point", "coordinates": [ -99.595948731740336, 18.8771638107001 ] } },
{ "type": "Feature", "properties": { "color": "yellow", "type": "point" }, "geometry": { "type": "Point", "coordinates": [ -99.069049079863888, 18.912233518513819 ] } },
{ "type": "Feature", "properties": { "color": "yellow", "type": "point" }, "geometry": { "type": "Point", "coordinates": [ -99.710309932971938, 18.834104774421899 ] } },
{ "type": "Feature", "properties": { "color": "yellow", "type": "point" }, "geometry": { "type": "Point", "coordinates": [ -99.595948731740336, 18.8771638107001 ] } },
{ "type": "Feature", "properties": { "color": "yellow", "type": "point" }, "geometry": { "type": "Point", "coordinates": [ -99.076687222994067, 18.912230521986071 ] } },
{ "type": "Feature", "properties": { "color": "yellow", "type": "point" }, "geometry": { "type": "Point", "coordinates": [ -99.710309932971938, 18.834104774421899 ] } },
{ "type": "Feature", "properties": { "color": "yellow", "type": "point" }, "geometry": { "type": "Point", "coordinates": [ -99.595948731740336, 18.8771638107001 ] } },
{ "type": "Feature", "properties": { "color": "yellow", "type": "point" }, "geometry": { "type": "Point", "coordinates": [ -99.076687222994067, 18.912230521986071 ] } },
{ "type": "Feature", "properties": { "color": "yellow", "type": "point" }, "geometry": { "type": "Point", "coordinates": [ -99.710309932971938, 18.834104774421899 ] } },
{ "type": "Feature", "properties": { "color": "yellow", "type": "point" }, "geometry": { "type": "Point", "coordinates": [ -99.595948731740336, 18.8771638107001 ] } },
{ "type": "Feature", "properties": { "color": "yellow", "type": "point" }, "geometry": { "type": "Point", "coordinates": [ -99.069049079863888, 18.912233518513819 ] } },
{ "type": "Feature", "properties": { "color": "yellow", "type": "point" }, "geometry": { "type": "Point", "coordinates": [ -99.710309932971938, 18.834104774421899 ] } },
{ "type": "Feature", "properties": { "color": "yellow", "type": "point" }, "geometry": { "type": "Point", "coordinates": [ -99.588327471857113, 18.881453893084487 ] } },
{ "type": "Feature", "properties": { "color": "yellow", "type": "point" }, "geometry": { "type": "Point", "coordinates": [ -99.069049079863888, 18.912233518513819 ] } },
{ "type": "Feature", "properties": { "color": "yellow", "type": "point" }, "geometry": { "type": "Point", "coordinates": [ -99.710309932971938, 18.834104774421899 ] } },
{ "type": "Feature", "properties": { "color": "yellow", "type": "point" }, "geometry": { "type": "Point", "coordinates": [ -99.588327471857113, 18.881453893084487 ] } },
{ "type": "Feature", "properties": { "color": "yellow", "type": "point" }, "geometry": { "type": "Point", "coordinates": [ -99.069049079863888, 18.912233518513819 ] } },
{ "type": "Feature", "properties": { "color": "yellow", "type": "point" }, "geometry": { "type": "Point", "coordinates": [ -99.710309932971938, 18.834104774421899 ] } },
{ "type": "Feature", "properties": { "color": "yellow", "type": "point" }, "geometry": { "type": "Point", "coordinates": [ -99.588327471857113, 18.881453893084487 ] } },
{ "type": "Feature", "properties": { "color": "yellow", "type": "point" }, "geometry": { "type": "Point", "coordinates": [ -99.069049079863888, 18.912233518513819 ] } },
{ "type": "Feature", "properties": { "color": "yellow", "type": "point" }, "geometry": { "type": "Point", "coordinates": [ -99.710309932971938, 18.834104774421899 ] } },
{ "type": "Feature", "properties": { "color": "yellow", "type": "point" }, "geometry": { "type": "Point", "coordinates": [ -99.588312582215309, 18.877188116835107 ] } },
{ "type": "Feature", "properties": { "color": "yellow", "type": "point" }, "geometry": { "type": "Point", "coordinates": [ -99.069049079863888, 18.912233518513819 ] } },
{ "type": "Feature", "properties": { "color": "yellow", "type": "point" }, "geometry": { "type": "Point", "coordinates": [ -99.710309932971938, 18.834104774421899 ] } },
{ "type": "Feature", "properties": { "color": "yellow", "type": "point" }, "geometry": { "type": "Point", "coordinates": [ -99.588327471857113, 18.881453893084487 ] } },
{ "type": "Feature", "properties": { "color": "yellow", "type": "point" }, "geometry": { "type": "Point", "coordinates": [ -99.069049079863888, 18.912233518513819 ] } },
{ "type": "Feature", "properties": { "color": "yellow", "type": "point" }, "geometry": { "type": "Point", "coordinates": [ -99.710309932971938, 18.834104774421899 ] } },
{ "type": "Feature", "properties": { "color": "yellow", "type": "point" }, "geometry": { "type": "Point", "coordinates": [ -99.588327471857113, 18.881453893084487 ] } },
{ "type": "Feature", "properties": { "color": "yellow", "type": "point" }, "geometry": { "type": "Point", "coordinates": [ -99.069049079863888, 18.912233518513819 ] } },
{ "type": "Feature", "properties": { "color": "yellow", "type": "point" }, "geometry": { "type": "Point", "coordinates": [ -99.710309932971938, 18.834104774421899 ] } },
{ "type": "Feature", "properties": { "color": "yellow", "type": "point" }, "geometry": { "type": "Point", "coordinates": [ -99.588327471857113, 18.881453893084487 ] } },
{ "type": "Feature", "properties": { "color": "yellow", "type": "point" }, "geometry": { "type": "Point", "coordinates": [ -99.069049079863888, 18.912233518513819 ] } },
{ "type": "Feature", "properties": { "color": "yellow", "type": "point" }, "geometry": { "type": "Point", "coordinates": [ -99.710309932971938, 18.834104774421899 ] } },
{ "type": "Feature", "properties": { "color": "yellow", "type": "point" }, "geometry": { "type": "Point", "coordinates": [ -99.588327471857113, 18.881453893084487 ] } },
{ "type": "Feature", "properties": { "color": "yellow", "type": "point" }, "geometry": { "type": "Point", "coordinates": [ -99.069049079863888, 18.912233518513819 ] } },
{ "type": "Feature", "properties": { "color": "yellow", "type": "point" }, "geometry": { "type": "Point", "coordinates": [ -99.710309932971938, 18.834104774421899 ] } },
{ "type": "Feature", "properties": { "color": "yellow", "type": "point" }, "geometry": { "type": "Point", "coordinates": [ -99.588312582215309, 18.877188116835107 ] } },
{ "type": "Feature", "properties": { "color": "yellow", "type": "point" }, "geometry": { "type": "Point", "coordinates": [ -99.069049079863888, 18.912233518513819 ] } },
{ "type": "Feature", "properties": { "color": "yellow", "type": "point" }, "geometry": { "type": "Point", "coordinates": [ -99.710309932971938, 18.834104774421899 ] } },
{ "type": "Feature", "properties": { "color": "yellow", "type": "point" }, "geometry": { "type": "Point", "coordinates": [ -99.595948731740336, 18.8771638107001 ] } },
{ "type": "Feature", "properties": { "color": "yellow", "type": "point" }, "geometry": { "type": "Point", "coordinates": [ -99.076687222994067, 18.912230521986071 ] } },
{ "type": "Feature", "properties": { "color": "yellow", "type": "point" }, "geometry": { "type": "Point", "coordinates": [ -99.71029200476562, 18.829839079985629 ] } },
{ "type": "Feature", "properties": { "color": "yellow", "type": "point" }, "geometry": { "type": "Point", "coordinates": [ -99.595948731740336, 18.8771638107001 ] } },
{ "type": "Feature", "properties": { "color": "yellow", "type": "point" }, "geometry": { "type": "Point", "coordinates": [ -99.076687222994067, 18.912230521986071 ] } },
{ "type": "Feature", "properties": { "color": "yellow", "type": "point" }, "geometry": { "type": "Point", "coordinates": [ -99.595948731740336, 18.8771638107001 ] } },
{ "type": "Feature", "properties": { "color": "yellow", "type": "point" }, "geometry": { "type": "Point", "coordinates": [ -99.076687222994067, 18.912230521986071 ] } },
{ "type": "Feature", "properties": { "color": "yellow", "type": "point" }, "geometry": { "type": "Point", "coordinates": [ -99.595948731740336, 18.8771638107001 ] } },
{ "type": "Feature", "properties": { "color": "yellow", "type": "point" }, "geometry": { "type": "Point", "coordinates": [ -99.076687222994067, 18.912230521986071 ] } },
{ "type": "Feature", "properties": { "color": "yellow", "type": "point" }, "geometry": { "type": "Point", "coordinates": [ -99.595948731740336, 18.8771638107001 ] } },
{ "type": "Feature", "properties": { "color": "yellow", "type": "point" }, "geometry": { "type": "Point", "coordinates": [ -99.076687222994067, 18.912230521986071 ] } },
{ "type": "Feature", "properties": { "color": "yellow", "type": "point" }, "geometry": { "type": "Point", "coordinates": [ -99.595948731740336, 18.8771638107001 ] } },
{ "type": "Feature", "properties": { "color": "yellow", "type": "point" }, "geometry": { "type": "Point", "coordinates": [ -99.076687222994067, 18.912230521986071 ] } },
{ "type": "Feature", "properties": { "color": "yellow", "type": "point" }, "geometry": { "type": "Point", "coordinates": [ -99.595948731740336, 18.8771638107001 ] } },
{ "type": "Feature", "properties": { "color": "yellow", "type": "point" }, "geometry": { "type": "Point", "coordinates": [ -99.076685278724696, 18.907964537583496 ] } },
{ "type": "Feature", "properties": { "color": "yellow", "type": "point" }, "geometry": { "type": "Point", "coordinates": [ -99.595948731740336, 18.8771638107001 ] } },
{ "type": "Feature", "properties": { "color": "yellow", "type": "point" }, "geometry": { "type": "Point", "coordinates": [ -99.076683334976437, 18.903698551223812 ] } },
{ "type": "Feature", "properties": { "color": "yellow", "type": "point" }, "geometry": { "type": "Point", "coordinates": [ -99.595933652909352, 18.87289803838155 ] } },
{ "type": "Feature", "properties": { "color": "yellow", "type": "point" }, "geometry": { "type": "Point", "coordinates": [ -99.084321089342964, 18.903695242200193 ] } },
{ "type": "Feature", "properties": { "color": "yellow", "type": "point" }, "geometry": { "type": "Point", "coordinates": [ -99.603569597500282, 18.872873424807594 ] } },
{ "type": "Feature", "properties": { "color": "yellow", "type": "point" }, "geometry": { "type": "Point", "coordinates": [ -99.084321089342964, 18.903695242200193 ] } },
{ "type": "Feature", "properties": { "color": "yellow", "type": "point" }, "geometry": { "type": "Point", "coordinates": [ -99.603569597500282, 18.872873424807594 ] } },
{ "type": "Feature", "properties": { "color": "yellow", "type": "point" }, "geometry": { "type": "Point", "coordinates": [ -99.084321089342964, 18.903695242200193 ] } },
{ "type": "Feature", "properties": { "color": "yellow", "type": "point" }, "geometry": { "type": "Point", "coordinates": [ -99.611205530190844, 18.872848497900613 ] } },
{ "type": "Feature", "properties": { "color": "yellow", "type": "point" }, "geometry": { "type": "Point", "coordinates": [ -99.084321089342964, 18.903695242200193 ] } },
{ "type": "Feature", "properties": { "color": "yellow", "type": "point" }, "geometry": { "type": "Point", "coordinates": [ -99.611205530190844, 18.872848497900613 ] } },
{ "type": "Feature", "properties": { "color": "yellow", "type": "point" }, "geometry": { "type": "Point", "coordinates": [ -99.091958842045727, 18.903691619229466 ] } },
{ "type": "Feature", "properties": { "color": "yellow", "type": "point" }, "geometry": { "type": "Point", "coordinates": [ -99.611190069145593, 18.868582735636657 ] } },
{ "type": "Feature", "properties": { "color": "yellow", "type": "point" }, "geometry": { "type": "Point", "coordinates": [ -99.091958842045727, 18.903691619229466 ] } },
{ "type": "Feature", "properties": { "color": "yellow", "type": "point" }, "geometry": { "type": "Point", "coordinates": [ -99.618825796657006, 18.868557501522723 ] } },
{ "type": "Feature", "properties": { "color": "yellow", "type": "point" }, "geometry": { "type": "Point", "coordinates": [ -99.091958842045727, 18.903691619229466 ] } },
{ "type": "Feature", "properties": { "color": "yellow", "type": "point" }, "geometry": { "type": "Point", "coordinates": [ -99.618825796657006, 18.868557501522723 ] } },
{ "type": "Feature", "properties": { "color": "yellow", "type": "point" }, "geometry": { "type": "Point", "coordinates": [ -99.099594069065631, 18.899421696629062 ] } },
{ "type": "Feature", "properties": { "color": "yellow", "type": "point" }, "geometry": { "type": "Point", "coordinates": [ -99.611174612249954, 18.864316971407249 ] } },
{ "type": "Feature", "properties": { "color": "yellow", "type": "point" }, "geometry": { "type": "Point", "coordinates": [ -99.099594069065631, 18.899421696629062 ] } },
{ "type": "Feature", "properties": { "color": "yellow", "type": "point" }, "geometry": { "type": "Point", "coordinates": [ -99.61881014668495, 18.864291743416963 ] } },
{ "type": "Feature", "properties": { "color": "yellow", "type": "point" }, "geometry": { "type": "Point", "coordinates": [ -99.099594069065631, 18.899421696629062 ] } },
{ "type": "Feature", "properties": { "color": "yellow", "type": "point" }, "geometry": { "type": "Point", "coordinates": [ -99.61881014668495, 18.864291743416963 ] } },
{ "type": "Feature", "properties": { "color": "yellow", "type": "point" }, "geometry": { "type": "Point", "coordinates": [ -99.099594069065631, 18.899421696629062 ] } },
{ "type": "Feature", "properties": { "color": "yellow", "type": "point" }, "geometry": { "type": "Point", "coordinates": [ -99.61881014668495, 18.864291743416963 ] } },
{ "type": "Feature", "properties": { "color": "yellow", "type": "point" }, "geometry": { "type": "Point", "coordinates": [ -99.099591545873892, 18.895155708989687 ] } },
{ "type": "Feature", "properties": { "color": "yellow", "type": "point" }, "geometry": { "type": "Point", "coordinates": [ -99.61881014668495, 18.864291743416963 ] } },
{ "type": "Feature", "properties": { "color": "yellow", "type": "point" }, "geometry": { "type": "Point", "coordinates": [ -99.099591545873892, 18.895155708989687 ] } },
{ "type": "Feature", "properties": { "color": "yellow", "type": "point" }, "geometry": { "type": "Point", "coordinates": [ -99.611159159503501, 18.860051205212763 ] } },
{ "type": "Feature", "properties": { "color": "yellow", "type": "point" }, "geometry": { "type": "Point", "coordinates": [ -99.099591545873892, 18.895155708989687 ] } },
{ "type": "Feature", "properties": { "color": "yellow", "type": "point" }, "geometry": { "type": "Point", "coordinates": [ -99.618794500913864, 18.860025983345828 ] } },
{ "type": "Feature", "properties": { "color": "yellow", "type": "point" }, "geometry": { "type": "Point", "coordinates": [ -99.09958902335876, 18.890889719394199 ] } },
{ "type": "Feature", "properties": { "color": "yellow", "type": "point" }, "geometry": { "type": "Point", "coordinates": [ -99.626429830127094, 18.86000044837818 ] } },
{ "type": "Feature", "properties": { "color": "yellow", "type": "point" }, "geometry": { "type": "Point", "coordinates": [ -99.09958902335876, 18.890889719394199 ] } },
{ "type": "Feature", "properties": { "color": "yellow", "type": "point" }, "geometry": { "type": "Point", "coordinates": [ -99.626429830127094, 18.86000044837818 ] } },
{ "type": "Feature", "properties": { "color": "yellow", "type": "point" }, "geometry": { "type": "Point", "coordinates": [ -99.09958902335876, 18.890889719394199 ] } },
{ "type": "Feature", "properties": { "color": "yellow", "type": "point" }, "geometry": { "type": "Point", "coordinates": [ -99.626413995585153, 18.855734692541109 ] } },
{ "type": "Feature", "properties": { "color": "yellow", "type": "point" }, "geometry": { "type": "Point", "coordinates": [ -99.107226191797679, 18.890885471620017 ] } },
{ "type": "Feature", "properties": { "color": "yellow", "type": "point" }, "geometry": { "type": "Point", "coordinates": [ -99.626413995585153, 18.855734692541109 ] } },
{ "type": "Feature", "properties": { "color": "yellow", "type": "point" }, "geometry": { "type": "Point", "coordinates": [ -99.107226191797679, 18.890885471620017 ] } },
{ "type": "Feature", "properties": { "color": "yellow", "type": "point" }, "geometry": { "type": "Point", "coordinates": [ -99.626413995585153, 18.855734692541109 ] } },
{ "type": "Feature", "properties": { "color": "yellow", "type": "point" }, "geometry": { "type": "Point", "coordinates": [ -99.107226191797679, 18.890885471620017 ] } },
{ "type": "Feature", "properties": { "color": "yellow", "type": "point" }, "geometry": { "type": "Point", "coordinates": [ -99.626413995585153, 18.855734692541109 ] } },
{ "type": "Feature", "properties": { "color": "yellow", "type": "point" }, "geometry": { "type": "Point", "coordinates": [ -99.107223476568066, 18.886619481098613 ] } },
{ "type": "Feature", "properties": { "color": "yellow", "type": "point" }, "geometry": { "type": "Point", "coordinates": [ -99.634049119480821, 18.855708850750002 ] } },
{ "type": "Feature", "properties": { "color": "yellow", "type": "point" }, "geometry": { "type": "Point", "coordinates": [ -99.107223476568066, 18.886619481098613 ] } },
{ "type": "Feature", "properties": { "color": "yellow", "type": "point" }, "geometry": { "type": "Point", "coordinates": [ -99.634049119480821, 18.855708850750002 ] } },
{ "type": "Feature", "properties": { "color": "yellow", "type": "point" }, "geometry": { "type": "Point", "coordinates": [ -99.107223476568066, 18.886619481098613 ] } },
{ "type": "Feature", "properties": { "color": "yellow", "type": "point" }, "geometry": { "type": "Point", "coordinates": [ -99.634017077367474, 18.847177345730689 ] } },
{ "type": "Feature", "properties": { "color": "yellow", "type": "point" }, "geometry": { "type": "Point", "coordinates": [ -99.114860449501151, 18.886614920712425 ] } },
{ "type": "Feature", "properties": { "color": "yellow", "type": "point" }, "geometry": { "type": "Point", "coordinates": [ -99.634017077367474, 18.847177345730689 ] } },
{ "type": "Feature", "properties": { "color": "yellow", "type": "point" }, "geometry": { "type": "Point", "coordinates": [ -99.114860449501151, 18.886614920712425 ] } },
{ "type": "Feature", "properties": { "color": "yellow", "type": "point" }, "geometry": { "type": "Point", "coordinates": [ -99.634017077367474, 18.847177345730689 ] } },
{ "type": "Feature", "properties": { "color": "yellow", "type": "point" }, "geometry": { "type": "Point", "coordinates": [ -99.114860449501151, 18.886614920712425 ] } },
{ "type": "Feature", "properties": { "color": "yellow", "type": "point" }, "geometry": { "type": "Point", "coordinates": [ -99.634033096272589, 18.851443099222767 ] } },
{ "type": "Feature", "properties": { "color": "yellow", "type": "point" }, "geometry": { "type": "Point", "coordinates": [ -99.114860449501151, 18.886614920712425 ] } },
{ "type": "Feature", "properties": { "color": "yellow", "type": "point" }, "geometry": { "type": "Point", "coordinates": [ -99.626398165295029, 18.851468934739113 ] } },
{ "type": "Feature", "properties": { "color": "yellow", "type": "point" }, "geometry": { "type": "Point", "coordinates": [ -99.114860449501151, 18.886614920712425 ] } },
{ "type": "Feature", "properties": { "color": "yellow", "type": "point" }, "geometry": { "type": "Point", "coordinates": [ -99.634049119480821, 18.855708850750002 ] } },
{ "type": "Feature", "properties": { "color": "yellow", "type": "point" }, "geometry": { "type": "Point", "coordinates": [ -99.114860449501151, 18.886614920712425 ] } },
{ "type": "Feature", "properties": { "color": "yellow", "type": "point" }, "geometry": { "type": "Point", "coordinates": [ -99.634033096272589, 18.851443099222767 ] } },
{ "type": "Feature", "properties": { "color": "yellow", "type": "point" }, "geometry": { "type": "Point", "coordinates": [ -99.114860449501151, 18.886614920712425 ] } },
{ "type": "Feature", "properties": { "color": "yellow", "type": "point" }, "geometry": { "type": "Point", "coordinates": [ -99.634033096272589, 18.851443099222767 ] } },
{ "type": "Feature", "properties": { "color": "yellow", "type": "point" }, "geometry": { "type": "Point", "coordinates": [ -99.114860449501151, 18.886614920712425 ] } },
{ "type": "Feature", "properties": { "color": "yellow", "type": "point" }, "geometry": { "type": "Point", "coordinates": [ -99.634017077367474, 18.847177345730689 ] } },
{ "type": "Feature", "properties": { "color": "yellow", "type": "point" }, "geometry": { "type": "Point", "coordinates": [ -99.114860449501151, 18.886614920712425 ] } },
{ "type": "Feature", "properties": { "color": "yellow", "type": "point" }, "geometry": { "type": "Point", "coordinates": [ -99.634017077367474, 18.847177345730689 ] } },
{ "type": "Feature", "properties": { "color": "yellow", "type": "point" }, "geometry": { "type": "Point", "coordinates": [ -99.114860449501151, 18.886614920712425 ] } },
{ "type": "Feature", "properties": { "color": "yellow", "type": "point" }, "geometry": { "type": "Point", "coordinates": [ -99.634033096272589, 18.851443099222767 ] } },
{ "type": "Feature", "properties": { "color": "yellow", "type": "point" }, "geometry": { "type": "Point", "coordinates": [ -99.114860449501151, 18.886614920712425 ] } },
{ "type": "Feature", "properties": { "color": "yellow", "type": "point" }, "geometry": { "type": "Point", "coordinates": [ -99.634017077367474, 18.847177345730689 ] } },
{ "type": "Feature", "properties": { "color": "yellow", "type": "point" }, "geometry": { "type": "Point", "coordinates": [ -99.114860449501151, 18.886614920712425 ] } },
{ "type": "Feature", "properties": { "color": "yellow", "type": "point" }, "geometry": { "type": "Point", "coordinates": [ -99.634017077367474, 18.847177345730689 ] } },
{ "type": "Feature", "properties": { "color": "yellow", "type": "point" }, "geometry": { "type": "Point", "coordinates": [ -99.114860449501151, 18.886614920712425 ] } },
{ "type": "Feature", "properties": { "color": "yellow", "type": "point" }, "geometry": { "type": "Point", "coordinates": [ -99.634017077367474, 18.847177345730689 ] } },
{ "type": "Feature", "properties": { "color": "yellow", "type": "point" }, "geometry": { "type": "Point", "coordinates": [ -99.107223476568066, 18.886619481098613 ] } },
{ "type": "Feature", "properties": { "color": "yellow", "type": "point" }, "geometry": { "type": "Point", "coordinates": [ -99.634017077367474, 18.847177345730689 ] } },
{ "type": "Feature", "properties": { "color": "yellow", "type": "point" }, "geometry": { "type": "Point", "coordinates": [ -99.114860449501151, 18.886614920712425 ] } },
{ "type": "Feature", "properties": { "color": "yellow", "type": "point" }, "geometry": { "type": "Point", "coordinates": [ -99.634049119480821, 18.855708850750002 ] } },
{ "type": "Feature", "properties": { "color": "yellow", "type": "point" }, "geometry": { "type": "Point", "coordinates": [ -99.114860449501151, 18.886614920712425 ] } },
{ "type": "Feature", "properties": { "color": "yellow", "type": "point" }, "geometry": { "type": "Point", "coordinates": [ -99.634049119480821, 18.855708850750002 ] } },
{ "type": "Feature", "properties": { "color": "yellow", "type": "point" }, "geometry": { "type": "Point", "coordinates": [ -99.114860449501151, 18.886614920712425 ] } },
{ "type": "Feature", "properties": { "color": "yellow", "type": "point" }, "geometry": { "type": "Point", "coordinates": [ -99.634065146992697, 18.859974600312004 ] } },
{ "type": "Feature", "properties": { "color": "yellow", "type": "point" }, "geometry": { "type": "Point", "coordinates": [ -99.114863358121482, 18.890880910127937 ] } },
{ "type": "Feature", "properties": { "color": "yellow", "type": "point" }, "geometry": { "type": "Point", "coordinates": [ -99.634065146992697, 18.859974600312004 ] } },
{ "type": "Feature", "properties": { "color": "yellow", "type": "point" }, "geometry": { "type": "Point", "coordinates": [ -99.114863358121482, 18.890880910127937 ] } },
{ "type": "Feature", "properties": { "color": "yellow", "type": "point" }, "geometry": { "type": "Point", "coordinates": [ -99.634065146992697, 18.859974600312004 ] } },
{ "type": "Feature", "properties": { "color": "yellow", "type": "point" }, "geometry": { "type": "Point", "coordinates": [ -99.114863358121482, 18.890880910127937 ] } },
{ "type": "Feature", "properties": { "color": "yellow", "type": "point" }, "geometry": { "type": "Point", "coordinates": [ -99.634065146992697, 18.859974600312004 ] } },
{ "type": "Feature", "properties": { "color": "yellow", "type": "point" }, "geometry": { "type": "Point", "coordinates": [ -99.114866267522117, 18.895146897587594 ] } },
{ "type": "Feature", "properties": { "color": "yellow", "type": "point" }, "geometry": { "type": "Point", "coordinates": [ -99.641716676196509, 18.864214180394491 ] } },
{ "type": "Feature", "properties": { "color": "yellow", "type": "point" }, "geometry": { "type": "Point", "coordinates": [ -99.114863358121482, 18.890880910127937 ] } },
{ "type": "Feature", "properties": { "color": "yellow", "type": "point" }, "geometry": { "type": "Point", "coordinates": [ -99.634081178808714, 18.864240347908396 ] } },
{ "type": "Feature", "properties": { "color": "yellow", "type": "point" }, "geometry": { "type": "Point", "coordinates": [ -99.114866267522117, 18.895146897587594 ] } },
{ "type": "Feature", "properties": { "color": "yellow", "type": "point" }, "geometry": { "type": "Point", "coordinates": [ -99.634081178808714, 18.864240347908396 ] } },
{ "type": "Feature", "properties": { "color": "yellow", "type": "point" }, "geometry": { "type": "Point", "coordinates": [ -99.114869177703113, 18.899412883091035 ] } },
{ "type": "Feature", "properties": { "color": "yellow", "type": "point" }, "geometry": { "type": "Point", "coordinates": [ -99.634081178808714, 18.864240347908396 ] } },
{ "type": "Feature", "properties": { "color": "yellow", "type": "point" }, "geometry": { "type": "Point", "coordinates": [ -99.114869177703113, 18.899412883091035 ] } },
{ "type": "Feature", "properties": { "color": "yellow", "type": "point" }, "geometry": { "type": "Point", "coordinates": [ -99.634097214929355, 18.868506093538809 ] } },
{ "type": "Feature", "properties": { "color": "yellow", "type": "point" }, "geometry": { "type": "Point", "coordinates": [ -99.114869177703113, 18.899412883091035 ] } },
{ "type": "Feature", "properties": { "color": "yellow", "type": "point" }, "geometry": { "type": "Point", "coordinates": [ -99.634081178808714, 18.864240347908396 ] } },
{ "type": "Feature", "properties": { "color": "yellow", "type": "point" }, "geometry": { "type": "Point", "coordinates": [ -99.114869177703113, 18.899412883091035 ] } },
{ "type": "Feature", "properties": { "color": "yellow", "type": "point" }, "geometry": { "type": "Point", "coordinates": [ -99.634081178808714, 18.864240347908396 ] } },
{ "type": "Feature", "properties": { "color": "yellow", "type": "point" }, "geometry": { "type": "Point", "coordinates": [ -99.114869177703113, 18.899412883091035 ] } },
{ "type": "Feature", "properties": { "color": "yellow", "type": "point" }, "geometry": { "type": "Point", "coordinates": [ -99.626445668921363, 18.864266202249954 ] } },
{ "type": "Feature", "properties": { "color": "yellow", "type": "point" }, "geometry": { "type": "Point", "coordinates": [ -99.114869177703113, 18.899412883091035 ] } },
{ "type": "Feature", "properties": { "color": "yellow", "type": "point" }, "geometry": { "type": "Point", "coordinates": [ -99.626445668921363, 18.864266202249954 ] } },
{ "type": "Feature", "properties": { "color": "yellow", "type": "point" }, "geometry": { "type": "Point", "coordinates": [ -99.114869177703113, 18.899412883091035 ] } },
{ "type": "Feature", "properties": { "color": "yellow", "type": "point" }, "geometry": { "type": "Point", "coordinates": [ -99.626445668921363, 18.864266202249954 ] } },
{ "type": "Feature", "properties": { "color": "yellow", "type": "point" }, "geometry": { "type": "Point", "coordinates": [ -99.114866267522117, 18.895146897587594 ] } },
{ "type": "Feature", "properties": { "color": "yellow", "type": "point" }, "geometry": { "type": "Point", "coordinates": [ -99.626445668921363, 18.864266202249954 ] } },
{ "type": "Feature", "properties": { "color": "yellow", "type": "point" }, "geometry": { "type": "Point", "coordinates": [ -99.107228907755683, 18.895151460185623 ] } },
{ "type": "Feature", "properties": { "color": "yellow", "type": "point" }, "geometry": { "type": "Point", "coordinates": [ -99.626445668921363, 18.864266202249954 ] } },
{ "type": "Feature", "properties": { "color": "yellow", "type": "point" }, "geometry": { "type": "Point", "coordinates": [ -99.114869177703113, 18.899412883091035 ] } },
{ "type": "Feature", "properties": { "color": "yellow", "type": "point" }, "geometry": { "type": "Point", "coordinates": [ -99.626445668921363, 18.864266202249954 ] } },
{ "type": "Feature", "properties": { "color": "yellow", "type": "point" }, "geometry": { "type": "Point", "coordinates": [ -99.114866267522117, 18.895146897587594 ] } },
{ "type": "Feature", "properties": { "color": "yellow", "type": "point" }, "geometry": { "type": "Point", "coordinates": [ -99.634081178808714, 18.864240347908396 ] } },
{ "type": "Feature", "properties": { "color": "yellow", "type": "point" }, "geometry": { "type": "Point", "coordinates": [ -99.114866267522117, 18.895146897587594 ] } },
{ "type": "Feature", "properties": { "color": "yellow", "type": "point" }, "geometry": { "type": "Point", "coordinates": [ -99.626445668921363, 18.864266202249954 ] } },
{ "type": "Feature", "properties": { "color": "yellow", "type": "point" }, "geometry": { "type": "Point", "coordinates": [ -99.114866267522117, 18.895146897587594 ] } },
{ "type": "Feature", "properties": { "color": "yellow", "type": "point" }, "geometry": { "type": "Point", "coordinates": [ -99.626429830127094, 18.86000044837818 ] } },
{ "type": "Feature", "properties": { "color": "yellow", "type": "point" }, "geometry": { "type": "Point", "coordinates": [ -99.114866267522117, 18.895146897587594 ] } },
{ "type": "Feature", "properties": { "color": "yellow", "type": "point" }, "geometry": { "type": "Point", "coordinates": [ -99.626445668921363, 18.864266202249954 ] } },
{ "type": "Feature", "properties": { "color": "yellow", "type": "point" }, "geometry": { "type": "Point", "coordinates": [ -99.114866267522117, 18.895146897587594 ] } },
{ "type": "Feature", "properties": { "color": "yellow", "type": "point" }, "geometry": { "type": "Point", "coordinates": [ -99.626429830127094, 18.86000044837818 ] } },
{ "type": "Feature", "properties": { "color": "yellow", "type": "point" }, "geometry": { "type": "Point", "coordinates": [ -99.114866267522117, 18.895146897587594 ] } },
{ "type": "Feature", "properties": { "color": "yellow", "type": "point" }, "geometry": { "type": "Point", "coordinates": [ -99.626429830127094, 18.86000044837818 ] } },
{ "type": "Feature", "properties": { "color": "yellow", "type": "point" }, "geometry": { "type": "Point", "coordinates": [ -99.114866267522117, 18.895146897587594 ] } },
{ "type": "Feature", "properties": { "color": "yellow", "type": "point" }, "geometry": { "type": "Point", "coordinates": [ -99.626429830127094, 18.86000044837818 ] } },
{ "type": "Feature", "properties": { "color": "yellow", "type": "point" }, "geometry": { "type": "Point", "coordinates": [ -99.114866267522117, 18.895146897587594 ] } },
{ "type": "Feature", "properties": { "color": "yellow", "type": "point" }, "geometry": { "type": "Point", "coordinates": [ -99.626429830127094, 18.86000044837818 ] } },
{ "type": "Feature", "properties": { "color": "yellow", "type": "point" }, "geometry": { "type": "Point", "coordinates": [ -99.114866267522117, 18.895146897587594 ] } },
{ "type": "Feature", "properties": { "color": "yellow", "type": "point" }, "geometry": { "type": "Point", "coordinates": [ -99.626429830127094, 18.86000044837818 ] } },
{ "type": "Feature", "properties": { "color": "yellow", "type": "point" }, "geometry": { "type": "Point", "coordinates": [ -99.114863358121482, 18.890880910127937 ] } },
{ "type": "Feature", "properties": { "color": "yellow", "type": "point" }, "geometry": { "type": "Point", "coordinates": [ -99.634049119480821, 18.855708850750002 ] } },
{ "type": "Feature", "properties": { "color": "yellow", "type": "point" }, "geometry": { "type": "Point", "coordinates": [ -99.114863358121482, 18.890880910127937 ] } },
{ "type": "Feature", "properties": { "color": "yellow", "type": "point" }, "geometry": { "type": "Point", "coordinates": [ -99.626413995585153, 18.855734692541109 ] } },
{ "type": "Feature", "properties": { "color": "yellow", "type": "point" }, "geometry": { "type": "Point", "coordinates": [ -99.114863358121482, 18.890880910127937 ] } },
{ "type": "Feature", "properties": { "color": "yellow", "type": "point" }, "geometry": { "type": "Point", "coordinates": [ -99.626413995585153, 18.855734692541109 ] } },
{ "type": "Feature", "properties": { "color": "yellow", "type": "point" }, "geometry": { "type": "Point", "coordinates": [ -99.114860449501151, 18.886614920712425 ] } },
{ "type": "Feature", "properties": { "color": "yellow", "type": "point" }, "geometry": { "type": "Point", "coordinates": [ -99.626413995585153, 18.855734692541109 ] } },
{ "type": "Feature", "properties": { "color": "yellow", "type": "point" }, "geometry": { "type": "Point", "coordinates": [ -99.114860449501151, 18.886614920712425 ] } },
{ "type": "Feature", "properties": { "color": "yellow", "type": "point" }, "geometry": { "type": "Point", "coordinates": [ -99.626398165295029, 18.851468934739113 ] } },
{ "type": "Feature", "properties": { "color": "yellow", "type": "point" }, "geometry": { "type": "Point", "coordinates": [ -99.114860449501151, 18.886614920712425 ] } },
{ "type": "Feature", "properties": { "color": "yellow", "type": "point" }, "geometry": { "type": "Point", "coordinates": [ -99.626382339256239, 18.847203174972574 ] } },
{ "type": "Feature", "properties": { "color": "yellow", "type": "point" }, "geometry": { "type": "Point", "coordinates": [ -99.11485754166101, 18.882348929341443 ] } },
{ "type": "Feature", "properties": { "color": "yellow", "type": "point" }, "geometry": { "type": "Point", "coordinates": [ -99.626382339256239, 18.847203174972574 ] } },
{ "type": "Feature", "properties": { "color": "yellow", "type": "point" }, "geometry": { "type": "Point", "coordinates": [ -99.11485754166101, 18.882348929341443 ] } },
{ "type": "Feature", "properties": { "color": "yellow", "type": "point" }, "geometry": { "type": "Point", "coordinates": [ -99.626382339256239, 18.847203174972574 ] } },
{ "type": "Feature", "properties": { "color": "yellow", "type": "point" }, "geometry": { "type": "Point", "coordinates": [ -99.11485754166101, 18.882348929341443 ] } },
{ "type": "Feature", "properties": { "color": "yellow", "type": "point" }, "geometry": { "type": "Point", "coordinates": [ -99.626382339256239, 18.847203174972574 ] } },
{ "type": "Feature", "properties": { "color": "yellow", "type": "point" }, "geometry": { "type": "Point", "coordinates": [ -99.11485754166101, 18.882348929341443 ] } },
{ "type": "Feature", "properties": { "color": "yellow", "type": "point" }, "geometry": { "type": "Point", "coordinates": [ -99.626382339256239, 18.847203174972574 ] } },
{ "type": "Feature", "properties": { "color": "yellow", "type": "point" }, "geometry": { "type": "Point", "coordinates": [ -99.107220762066802, 18.882353488621789 ] } },
{ "type": "Feature", "properties": { "color": "yellow", "type": "point" }, "geometry": { "type": "Point", "coordinates": [ -99.626382339256239, 18.847203174972574 ] } },
{ "type": "Feature", "properties": { "color": "yellow", "type": "point" }, "geometry": { "type": "Point", "coordinates": [ -99.107220762066802, 18.882353488621789 ] } },
{ "type": "Feature", "properties": { "color": "yellow", "type": "point" }, "geometry": { "type": "Point", "coordinates": [ -99.626366517468284, 18.842937413241877 ] } },
{ "type": "Feature", "properties": { "color": "yellow", "type": "point" }, "geometry": { "type": "Point", "coordinates": [ -99.107220762066802, 18.882353488621789 ] } },
{ "type": "Feature", "properties": { "color": "yellow", "type": "point" }, "geometry": { "type": "Point", "coordinates": [ -99.626366517468284, 18.842937413241877 ] } },
{ "type": "Feature", "properties": { "color": "yellow", "type": "point" }, "geometry": { "type": "Point", "coordinates": [ -99.107218048293774, 18.87808749418992 ] } },
{ "type": "Feature", "properties": { "color": "yellow", "type": "point" }, "geometry": { "type": "Point", "coordinates": [ -99.626366517468284, 18.842937413241877 ] } },
{ "type": "Feature", "properties": { "color": "yellow", "type": "point" }, "geometry": { "type": "Point", "coordinates": [ -99.107218048293774, 18.87808749418992 ] } },
{ "type": "Feature", "properties": { "color": "yellow", "type": "point" }, "geometry": { "type": "Point", "coordinates": [ -99.618731959829688, 18.842962923415087 ] } },
{ "type": "Feature", "properties": { "color": "yellow", "type": "point" }, "geometry": { "type": "Point", "coordinates": [ -99.107218048293774, 18.87808749418992 ] } },
{ "type": "Feature", "properties": { "color": "yellow", "type": "point" }, "geometry": { "type": "Point", "coordinates": [ -99.618731959829688, 18.842962923415087 ] } },
{ "type": "Feature", "properties": { "color": "yellow", "type": "point" }, "geometry": { "type": "Point", "coordinates": [ -99.099581459872198, 18.878091738874744 ] } },
{ "type": "Feature", "properties": { "color": "yellow", "type": "point" }, "geometry": { "type": "Point", "coordinates": [ -99.618731959829688, 18.842962923415087 ] } },
{ "type": "Feature", "properties": { "color": "yellow", "type": "point" }, "geometry": { "type": "Point", "coordinates": [ -99.099581459872198, 18.878091738874744 ] } },
{ "type": "Feature", "properties": { "color": "yellow", "type": "point" }, "geometry": { "type": "Point", "coordinates": [ -99.618731959829688, 18.842962923415087 ] } },
{ "type": "Feature", "properties": { "color": "yellow", "type": "point" }, "geometry": { "type": "Point", "coordinates": [ -99.099581459872198, 18.878091738874744 ] } },
{ "type": "Feature", "properties": { "color": "yellow", "type": "point" }, "geometry": { "type": "Point", "coordinates": [ -99.618731959829688, 18.842962923415087 ] } },
{ "type": "Feature", "properties": { "color": "yellow", "type": "point" }, "geometry": { "type": "Point", "coordinates": [ -99.099581459872198, 18.878091738874744 ] } },
{ "type": "Feature", "properties": { "color": "yellow", "type": "point" }, "geometry": { "type": "Point", "coordinates": [ -99.611097389999614, 18.84298812079161 ] } },
{ "type": "Feature", "properties": { "color": "yellow", "type": "point" }, "geometry": { "type": "Point", "coordinates": [ -99.099581459872198, 18.878091738874744 ] } },
{ "type": "Feature", "properties": { "color": "yellow", "type": "point" }, "geometry": { "type": "Point", "coordinates": [ -99.603462808128469, 18.84301300536929 ] } },
{ "type": "Feature", "properties": { "color": "yellow", "type": "point" }, "geometry": { "type": "Point", "coordinates": [ -99.091944869486838, 18.878095670069456 ] } },
{ "type": "Feature", "properties": { "color": "yellow", "type": "point" }, "geometry": { "type": "Point", "coordinates": [ -99.611097389999614, 18.84298812079161 ] } },
{ "type": "Feature", "properties": { "color": "yellow", "type": "point" }, "geometry": { "type": "Point", "coordinates": [ -99.091947196685169, 18.882361666484744 ] } },
{ "type": "Feature", "properties": { "color": "yellow", "type": "point" }, "geometry": { "type": "Point", "coordinates": [ -99.611112826154255, 18.847253894842623 ] } },
{ "type": "Feature", "properties": { "color": "yellow", "type": "point" }, "geometry": { "type": "Point", "coordinates": [ -99.091947196685169, 18.882361666484744 ] } },
{ "type": "Feature", "properties": { "color": "yellow", "type": "point" }, "geometry": { "type": "Point", "coordinates": [ -99.611112826154255, 18.847253894842623 ] } },
{ "type": "Feature", "properties": { "color": "yellow", "type": "point" }, "geometry": { "type": "Point", "coordinates": [ -99.091947196685169, 18.882361666484744 ] } },
{ "type": "Feature", "properties": { "color": "yellow", "type": "point" }, "geometry": { "type": "Point", "coordinates": [ -99.611112826154255, 18.847253894842623 ] } },
{ "type": "Feature", "properties": { "color": "yellow", "type": "point" }, "geometry": { "type": "Point", "coordinates": [ -99.091949524507982, 18.886627660945088 ] } },
{ "type": "Feature", "properties": { "color": "yellow", "type": "point" }, "geometry": { "type": "Point", "coordinates": [ -99.611112826154255, 18.847253894842623 ] } },
{ "type": "Feature", "properties": { "color": "yellow", "type": "point" }, "geometry": { "type": "Point", "coordinates": [ -99.091949524507982, 18.886627660945088 ] } },
{ "type": "Feature", "properties": { "color": "yellow", "type": "point" }, "geometry": { "type": "Point", "coordinates": [ -99.611128266456134, 18.85151966693007 ] } },
{ "type": "Feature", "properties": { "color": "yellow", "type": "point" }, "geometry": { "type": "Point", "coordinates": [ -99.091949524507982, 18.886627660945088 ] } },
{ "type": "Feature", "properties": { "color": "yellow", "type": "point" }, "geometry": { "type": "Point", "coordinates": [ -99.603493298895643, 18.851544563600356 ] } },
{ "type": "Feature", "properties": { "color": "yellow", "type": "point" }, "geometry": { "type": "Point", "coordinates": [ -99.091949524507982, 18.886627660945088 ] } },
{ "type": "Feature", "properties": { "color": "yellow", "type": "point" }, "geometry": { "type": "Point", "coordinates": [ -99.603493298895643, 18.851544563600356 ] } },
{ "type": "Feature", "properties": { "color": "yellow", "type": "point" }, "geometry": { "type": "Point", "coordinates": [ -99.084312545682224, 18.886631280404675 ] } },
{ "type": "Feature", "properties": { "color": "yellow", "type": "point" }, "geometry": { "type": "Point", "coordinates": [ -99.595843264882376, 18.847303363213346 ] } },
{ "type": "Feature", "properties": { "color": "yellow", "type": "point" }, "geometry": { "type": "Point", "coordinates": [ -99.084312545682224, 18.886631280404675 ] } },
{ "type": "Feature", "properties": { "color": "yellow", "type": "point" }, "geometry": { "type": "Point", "coordinates": [ -99.084306143950243, 18.873833288526278 ] } },
{ "type": "Feature", "properties": { "color": "yellow", "type": "point" }, "geometry": { "type": "Point", "coordinates": [ -99.069024613889653, 18.852509548759048 ] } },
{ "type": "Feature", "properties": { "color": "yellow", "type": "point" }, "geometry": { "type": "Point", "coordinates": [ -99.053757813290488, 18.865312611826976 ] } },
{ "type": "Feature", "properties": { "color": "yellow", "type": "point" }, "geometry": { "type": "Point", "coordinates": [ -99.069036835388829, 18.882371581529807 ] } },
{ "type": "Feature", "properties": { "color": "yellow", "type": "point" }, "geometry": { "type": "Point", "coordinates": [ -99.084314680738188, 18.890897273787409 ] } },
{ "type": "Feature", "properties": { "color": "yellow", "type": "point" }, "geometry": { "type": "Point", "coordinates": [ -99.084314680738188, 18.890897273787409 ] } },
{ "type": "Feature", "properties": { "color": "yellow", "type": "point" }, "geometry": { "type": "Point", "coordinates": [ -99.076677506857848, 18.890900580405816 ] } },
{ "type": "Feature", "properties": { "color": "yellow", "type": "point" }, "geometry": { "type": "Point", "coordinates": [ -99.076677506857848, 18.890900580405816 ] } },
{ "type": "Feature", "properties": { "color": "yellow", "type": "point" }, "geometry": { "type": "Point", "coordinates": [ -99.076677506857848, 18.890900580405816 ] } },
{ "type": "Feature", "properties": { "color": "yellow", "type": "point" }, "geometry": { "type": "Point", "coordinates": [ -99.580602998207198, 18.855883169739606 ] } },
{ "type": "Feature", "properties": { "color": "yellow", "type": "point" }, "geometry": { "type": "Point", "coordinates": [ -99.076677506857848, 18.890900580405816 ] } },
{ "type": "Feature", "properties": { "color": "yellow", "type": "point" }, "geometry": { "type": "Point", "coordinates": [ -99.580602998207198, 18.855883169739606 ] } },
{ "type": "Feature", "properties": { "color": "yellow", "type": "point" }, "geometry": { "type": "Point", "coordinates": [ -99.076677506857848, 18.890900580405816 ] } },
{ "type": "Feature", "properties": { "color": "yellow", "type": "point" }, "geometry": { "type": "Point", "coordinates": [ -99.580617674899969, 18.860148961630902 ] } },
{ "type": "Feature", "properties": { "color": "yellow", "type": "point" }, "geometry": { "type": "Point", "coordinates": [ -99.076677506857848, 18.890900580405816 ] } },
{ "type": "Feature", "properties": { "color": "yellow", "type": "point" }, "geometry": { "type": "Point", "coordinates": [ -99.580617674899969, 18.860148961630902 ] } },
{ "type": "Feature", "properties": { "color": "yellow", "type": "point" }, "geometry": { "type": "Point", "coordinates": [ -99.076677506857848, 18.890900580405816 ] } },
{ "type": "Feature", "properties": { "color": "yellow", "type": "point" }, "geometry": { "type": "Point", "coordinates": [ -99.588267937258493, 18.864390776296453 ] } },
{ "type": "Feature", "properties": { "color": "yellow", "type": "point" }, "geometry": { "type": "Point", "coordinates": [ -99.076677506857848, 18.890900580405816 ] } },
{ "type": "Feature", "properties": { "color": "yellow", "type": "point" }, "geometry": { "type": "Point", "coordinates": [ -99.595903507386254, 18.864366487849104 ] } },
{ "type": "Feature", "properties": { "color": "yellow", "type": "point" }, "geometry": { "type": "Point", "coordinates": [ -99.076677506857848, 18.890900580405816 ] } },
{ "type": "Feature", "properties": { "color": "yellow", "type": "point" }, "geometry": { "type": "Point", "coordinates": [ -99.595903507386254, 18.864366487849104 ] } },
{ "type": "Feature", "properties": { "color": "yellow", "type": "point" }, "geometry": { "type": "Point", "coordinates": [ -99.07667944904307, 18.895166572634594 ] } },
{ "type": "Feature", "properties": { "color": "yellow", "type": "point" }, "geometry": { "type": "Point", "coordinates": [ -99.595903507386254, 18.864366487849104 ] } },
{ "type": "Feature", "properties": { "color": "yellow", "type": "point" }, "geometry": { "type": "Point", "coordinates": [ -99.07667944904307, 18.895166572634594 ] } },
{ "type": "Feature", "properties": { "color": "yellow", "type": "point" }, "geometry": { "type": "Point", "coordinates": [ -99.595888440693187, 18.860100709635951 ] } },
{ "type": "Feature", "properties": { "color": "yellow", "type": "point" }, "geometry": { "type": "Point", "coordinates": [ -99.084316816366922, 18.895163265214485 ] } },
{ "type": "Feature", "properties": { "color": "yellow", "type": "point" }, "geometry": { "type": "Point", "coordinates": [ -99.595888440693187, 18.860100709635951 ] } },
{ "type": "Feature", "properties": { "color": "yellow", "type": "point" }, "geometry": { "type": "Point", "coordinates": [ -99.084316816366922, 18.895163265214485 ] } },
{ "type": "Feature", "properties": { "color": "yellow", "type": "point" }, "geometry": { "type": "Point", "coordinates": [ -99.603539065766896, 18.864341886218668 ] } },
{ "type": "Feature", "properties": { "color": "yellow", "type": "point" }, "geometry": { "type": "Point", "coordinates": [ -99.084316816366922, 18.895163265214485 ] } },
{ "type": "Feature", "properties": { "color": "yellow", "type": "point" }, "geometry": { "type": "Point", "coordinates": [ -99.603539065766896, 18.864341886218668 ] } },
{ "type": "Feature", "properties": { "color": "yellow", "type": "point" }, "geometry": { "type": "Point", "coordinates": [ -99.084316816366922, 18.895163265214485 ] } },
{ "type": "Feature", "properties": { "color": "yellow", "type": "point" }, "geometry": { "type": "Point", "coordinates": [ -99.603539065766896, 18.864341886218668 ] } },
{ "type": "Feature", "properties": { "color": "yellow", "type": "point" }, "geometry": { "type": "Point", "coordinates": [ -99.084318952568495, 18.899429254685543 ] } },
{ "type": "Feature", "properties": { "color": "yellow", "type": "point" }, "geometry": { "type": "Point", "coordinates": [ -99.603539065766896, 18.864341886218668 ] } },
{ "type": "Feature", "properties": { "color": "yellow", "type": "point" }, "geometry": { "type": "Point", "coordinates": [ -99.084318952568495, 18.899429254685543 ] } },
{ "type": "Feature", "properties": { "color": "yellow", "type": "point" }, "geometry": { "type": "Point", "coordinates": [ -99.603539065766896, 18.864341886218668 ] } },
{ "type": "Feature", "properties": { "color": "yellow", "type": "point" }, "geometry": { "type": "Point", "coordinates": [ -99.084316816366922, 18.895163265214485 ] } },
{ "type": "Feature", "properties": { "color": "yellow", "type": "point" }, "geometry": { "type": "Point", "coordinates": [ -99.603539065766896, 18.864341886218668 ] } },
{ "type": "Feature", "properties": { "color": "yellow", "type": "point" }, "geometry": { "type": "Point", "coordinates": [ -99.084318952568495, 18.899429254685543 ] } },
{ "type": "Feature", "properties": { "color": "yellow", "type": "point" }, "geometry": { "type": "Point", "coordinates": [ -99.603539065766896, 18.864341886218668 ] } },
{ "type": "Feature", "properties": { "color": "yellow", "type": "point" }, "geometry": { "type": "Point", "coordinates": [ -99.084318952568495, 18.899429254685543 ] } },
{ "type": "Feature", "properties": { "color": "yellow", "type": "point" }, "geometry": { "type": "Point", "coordinates": [ -99.603539065766896, 18.864341886218668 ] } },
{ "type": "Feature", "properties": { "color": "yellow", "type": "point" }, "geometry": { "type": "Point", "coordinates": [ -99.084318952568495, 18.899429254685543 ] } },
{ "type": "Feature", "properties": { "color": "yellow", "type": "point" }, "geometry": { "type": "Point", "coordinates": [ -99.603539065766896, 18.864341886218668 ] } },
{ "type": "Feature", "properties": { "color": "yellow", "type": "point" }, "geometry": { "type": "Point", "coordinates": [ -99.084318952568495, 18.899429254685543 ] } },
{ "type": "Feature", "properties": { "color": "yellow", "type": "point" }, "geometry": { "type": "Point", "coordinates": [ -99.603539065766896, 18.864341886218668 ] } },
{ "type": "Feature", "properties": { "color": "yellow", "type": "point" }, "geometry": { "type": "Point", "coordinates": [ -99.084318952568495, 18.899429254685543 ] } },
{ "type": "Feature", "properties": { "color": "yellow", "type": "point" }, "geometry": { "type": "Point", "coordinates": [ -99.588267937258493, 18.864390776296453 ] } },
{ "type": "Feature", "properties": { "color": "yellow", "type": "point" }, "geometry": { "type": "Point", "coordinates": [ -99.091956511724177, 18.899425632592671 ] } },
{ "type": "Feature", "properties": { "color": "yellow", "type": "point" }, "geometry": { "type": "Point", "coordinates": [ -99.091956511724177, 18.899425632592671 ] } },
{ "type": "Feature", "properties": { "color": "yellow", "type": "point" }, "geometry": { "type": "Point", "coordinates": [ -99.091956511724177, 18.899425632592671 ] } },
{ "type": "Feature", "properties": { "color": "yellow", "type": "point" }, "geometry": { "type": "Point", "coordinates": [ -99.091956511724177, 18.899425632592671 ] } },
{ "type": "Feature", "properties": { "color": "yellow", "type": "point" }, "geometry": { "type": "Point", "coordinates": [ -99.084318952568495, 18.899429254685543 ] } },
{ "type": "Feature", "properties": { "color": "yellow", "type": "point" }, "geometry": { "type": "Point", "coordinates": [ -99.084318952568495, 18.899429254685543 ] } },
{ "type": "Feature", "properties": { "color": "yellow", "type": "point" }, "geometry": { "type": "Point", "coordinates": [ -99.084318952568495, 18.899429254685543 ] } },
{ "type": "Feature", "properties": { "color": "yellow", "type": "point" }, "geometry": { "type": "Point", "coordinates": [ -99.084318952568495, 18.899429254685543 ] } },
{ "type": "Feature", "properties": { "color": "yellow", "type": "point" }, "geometry": { "type": "Point", "coordinates": [ -99.084318952568495, 18.899429254685543 ] } },
{ "type": "Feature", "properties": { "color": "yellow", "type": "point" }, "geometry": { "type": "Point", "coordinates": [ -99.588253063594209, 18.860124992187995 ] } },
{ "type": "Feature", "properties": { "color": "yellow", "type": "point" }, "geometry": { "type": "Point", "coordinates": [ -99.084318952568495, 18.899429254685543 ] } },
{ "type": "Feature", "properties": { "color": "yellow", "type": "point" }, "geometry": { "type": "Point", "coordinates": [ -99.588267937258493, 18.864390776296453 ] } },
{ "type": "Feature", "properties": { "color": "yellow", "type": "point" }, "geometry": { "type": "Point", "coordinates": [ -99.084318952568495, 18.899429254685543 ] } },
{ "type": "Feature", "properties": { "color": "yellow", "type": "point" }, "geometry": { "type": "Point", "coordinates": [ -99.588267937258493, 18.864390776296453 ] } },
{ "type": "Feature", "properties": { "color": "yellow", "type": "point" }, "geometry": { "type": "Point", "coordinates": [ -99.084318952568495, 18.899429254685543 ] } },
{ "type": "Feature", "properties": { "color": "yellow", "type": "point" }, "geometry": { "type": "Point", "coordinates": [ -99.588267937258493, 18.864390776296453 ] } },
{ "type": "Feature", "properties": { "color": "yellow", "type": "point" }, "geometry": { "type": "Point", "coordinates": [ -99.084318952568495, 18.899429254685543 ] } },
{ "type": "Feature", "properties": { "color": "yellow", "type": "point" }, "geometry": { "type": "Point", "coordinates": [ -99.595903507386254, 18.864366487849104 ] } },
{ "type": "Feature", "properties": { "color": "yellow", "type": "point" }, "geometry": { "type": "Point", "coordinates": [ -99.091956511724177, 18.899425632592671 ] } },
{ "type": "Feature", "properties": { "color": "yellow", "type": "point" }, "geometry": { "type": "Point", "coordinates": [ -99.595903507386254, 18.864366487849104 ] } },
{ "type": "Feature", "properties": { "color": "yellow", "type": "point" }, "geometry": { "type": "Point", "coordinates": [ -99.091954182027422, 18.895159643999417 ] } },
{ "type": "Feature", "properties": { "color": "yellow", "type": "point" }, "geometry": { "type": "Point", "coordinates": [ -99.595903507386254, 18.864366487849104 ] } },
{ "type": "Feature", "properties": { "color": "yellow", "type": "point" }, "geometry": { "type": "Point", "coordinates": [ -99.084316816366922, 18.895163265214485 ] } },
{ "type": "Feature", "properties": { "color": "yellow", "type": "point" }, "geometry": { "type": "Point", "coordinates": [ -99.603523806046439, 18.860076113976838 ] } },
{ "type": "Feature", "properties": { "color": "yellow", "type": "point" }, "geometry": { "type": "Point", "coordinates": [ -99.084316816366922, 18.895163265214485 ] } },
{ "type": "Feature", "properties": { "color": "yellow", "type": "point" }, "geometry": { "type": "Point", "coordinates": [ -99.595888440693187, 18.860100709635951 ] } },
{ "type": "Feature", "properties": { "color": "yellow", "type": "point" }, "geometry": { "type": "Point", "coordinates": [ -99.091954182027422, 18.895159643999417 ] } },
{ "type": "Feature", "properties": { "color": "yellow", "type": "point" }, "geometry": { "type": "Point", "coordinates": [ -99.595873378045169, 18.855834929458691 ] } },
{ "type": "Feature", "properties": { "color": "yellow", "type": "point" }, "geometry": { "type": "Point", "coordinates": [ -99.084316816366922, 18.895163265214485 ] } },
{ "type": "Feature", "properties": { "color": "yellow", "type": "point" }, "geometry": { "type": "Point", "coordinates": [ -99.595873378045169, 18.855834929458691 ] } },
{ "type": "Feature", "properties": { "color": "yellow", "type": "point" }, "geometry": { "type": "Point", "coordinates": [ -99.091951852955376, 18.890893653450107 ] } },
{ "type": "Feature", "properties": { "color": "yellow", "type": "point" }, "geometry": { "type": "Point", "coordinates": [ -99.595873378045169, 18.855834929458691 ] } },
{ "type": "Feature", "properties": { "color": "yellow", "type": "point" }, "geometry": { "type": "Point", "coordinates": [ -99.091951852955376, 18.890893653450107 ] } },
{ "type": "Feature", "properties": { "color": "yellow", "type": "point" }, "geometry": { "type": "Point", "coordinates": [ -99.595858319441732, 18.85156914731769 ] } },
{ "type": "Feature", "properties": { "color": "yellow", "type": "point" }, "geometry": { "type": "Point", "coordinates": [ -99.091951852955376, 18.890893653450107 ] } },
{ "type": "Feature", "properties": { "color": "yellow", "type": "point" }, "geometry": { "type": "Point", "coordinates": [ -99.595858319441732, 18.85156914731769 ] } },
{ "type": "Feature", "properties": { "color": "yellow", "type": "point" }, "geometry": { "type": "Point", "coordinates": [ -99.091951852955376, 18.890893653450107 ] } },
{ "type": "Feature", "properties": { "color": "yellow", "type": "point" }, "geometry": { "type": "Point", "coordinates": [ -99.091951852955376, 18.890893653450107 ] } },
{ "type": "Feature", "properties": { "color": "yellow", "type": "point" }, "geometry": { "type": "Point", "coordinates": [ -99.091951852955376, 18.890893653450107 ] } },
{ "type": "Feature", "properties": { "color": "yellow", "type": "point" }, "geometry": { "type": "Point", "coordinates": [ -99.091951852955376, 18.890893653450107 ] } },
{ "type": "Feature", "properties": { "color": "yellow", "type": "point" }, "geometry": { "type": "Point", "coordinates": [ -99.091949524507982, 18.886627660945088 ] } },
{ "type": "Feature", "properties": { "color": "yellow", "type": "point" }, "geometry": { "type": "Point", "coordinates": [ -99.084312545682224, 18.886631280404675 ] } },
{ "type": "Feature", "properties": { "color": "yellow", "type": "point" }, "geometry": { "type": "Point", "coordinates": [ -99.084312545682224, 18.886631280404675 ] } },
{ "type": "Feature", "properties": { "color": "yellow", "type": "point" }, "geometry": { "type": "Point", "coordinates": [ -99.091949524507982, 18.886627660945088 ] } },
{ "type": "Feature", "properties": { "color": "yellow", "type": "point" }, "geometry": { "type": "Point", "coordinates": [ -99.603462808128469, 18.84301300536929 ] } },
{ "type": "Feature", "properties": { "color": "yellow", "type": "point" }, "geometry": { "type": "Point", "coordinates": [ -99.091949524507982, 18.886627660945088 ] } },
{ "type": "Feature", "properties": { "color": "yellow", "type": "point" }, "geometry": { "type": "Point", "coordinates": [ -99.603478051464336, 18.847278785466457 ] } },
{ "type": "Feature", "properties": { "color": "yellow", "type": "point" }, "geometry": { "type": "Point", "coordinates": [ -99.084310411198956, 18.882365285066651 ] } },
{ "type": "Feature", "properties": { "color": "yellow", "type": "point" }, "geometry": { "type": "Point", "coordinates": [ -99.595843264882376, 18.847303363213346 ] } },
{ "type": "Feature", "properties": { "color": "yellow", "type": "point" }, "geometry": { "type": "Point", "coordinates": [ -99.084310411198956, 18.882365285066651 ] } },
{ "type": "Feature", "properties": { "color": "yellow", "type": "point" }, "geometry": { "type": "Point", "coordinates": [ -99.595828214366648, 18.843037577146017 ] } },
{ "type": "Feature", "properties": { "color": "yellow", "type": "point" }, "geometry": { "type": "Point", "coordinates": [ -99.084310411198956, 18.882365285066651 ] } },
{ "type": "Feature", "properties": { "color": "yellow", "type": "point" }, "geometry": { "type": "Point", "coordinates": [ -99.595828214366648, 18.843037577146017 ] } },
{ "type": "Feature", "properties": { "color": "yellow", "type": "point" }, "geometry": { "type": "Point", "coordinates": [ -99.084310411198956, 18.882365285066651 ] } },
{ "type": "Feature", "properties": { "color": "yellow", "type": "point" }, "geometry": { "type": "Point", "coordinates": [ -99.595828214366648, 18.843037577146017 ] } },
{ "type": "Feature", "properties": { "color": "yellow", "type": "point" }, "geometry": { "type": "Point", "coordinates": [ -99.084310411198956, 18.882365285066651 ] } },
{ "type": "Feature", "properties": { "color": "yellow", "type": "point" }, "geometry": { "type": "Point", "coordinates": [ -99.588193608864572, 18.843061836119695 ] } },
{ "type": "Feature", "properties": { "color": "yellow", "type": "point" }, "geometry": { "type": "Point", "coordinates": [ -99.076673624049974, 18.882368590081768 ] } },
{ "type": "Feature", "properties": { "color": "yellow", "type": "point" }, "geometry": { "type": "Point", "coordinates": [ -99.588223328244823, 18.851593418079979 ] } },
{ "type": "Feature", "properties": { "color": "yellow", "type": "point" }, "geometry": { "type": "Point", "coordinates": [ -99.076669743325155, 18.873836591938264 ] } },
{ "type": "Feature", "properties": { "color": "yellow", "type": "point" }, "geometry": { "type": "Point", "coordinates": [ -99.588193608864572, 18.843061836119695 ] } },
{ "type": "Feature", "properties": { "color": "yellow", "type": "point" }, "geometry": { "type": "Point", "coordinates": [ -99.076669743325155, 18.873836591938264 ] } },
{ "type": "Feature", "properties": { "color": "yellow", "type": "point" }, "geometry": { "type": "Point", "coordinates": [ -99.588178755161707, 18.838796042195895 ] } },
{ "type": "Feature", "properties": { "color": "yellow", "type": "point" }, "geometry": { "type": "Point", "coordinates": [ -99.076669743325155, 18.873836591938264 ] } },
{ "type": "Feature", "properties": { "color": "yellow", "type": "point" }, "geometry": { "type": "Point", "coordinates": [ -99.580544330840823, 18.838819982546589 ] } },
{ "type": "Feature", "properties": { "color": "yellow", "type": "point" }, "geometry": { "type": "Point", "coordinates": [ -99.076669743325155, 18.873836591938264 ] } },
{ "type": "Feature", "properties": { "color": "yellow", "type": "point" }, "geometry": { "type": "Point", "coordinates": [ -99.588178755161707, 18.838796042195895 ] } },
{ "type": "Feature", "properties": { "color": "yellow", "type": "point" }, "geometry": { "type": "Point", "coordinates": [ -99.076669743325155, 18.873836591938264 ] } },
{ "type": "Feature", "properties": { "color": "yellow", "type": "point" }, "geometry": { "type": "Point", "coordinates": [ -99.580544330840823, 18.838819982546589 ] } },
{ "type": "Feature", "properties": { "color": "yellow", "type": "point" }, "geometry": { "type": "Point", "coordinates": [ -99.069033341188273, 18.873839581935272 ] } },
{ "type": "Feature", "properties": { "color": "yellow", "type": "point" }, "geometry": { "type": "Point", "coordinates": [ -99.580544330840823, 18.838819982546589 ] } },
{ "type": "Feature", "properties": { "color": "yellow", "type": "point" }, "geometry": { "type": "Point", "coordinates": [ -99.069033341188273, 18.873839581935272 ] } },
{ "type": "Feature", "properties": { "color": "yellow", "type": "point" }, "geometry": { "type": "Point", "coordinates": [ -99.580544330840823, 18.838819982546589 ] } },
{ "type": "Feature", "properties": { "color": "yellow", "type": "point" }, "geometry": { "type": "Point", "coordinates": [ -99.069033341188273, 18.873839581935272 ] } },
{ "type": "Feature", "properties": { "color": "yellow", "type": "point" }, "geometry": { "type": "Point", "coordinates": [ -99.580544330840823, 18.838819982546589 ] } },
{ "type": "Feature", "properties": { "color": "yellow", "type": "point" }, "geometry": { "type": "Point", "coordinates": [ -99.069035088054122, 18.878105582709768 ] } },
{ "type": "Feature", "properties": { "color": "yellow", "type": "point" }, "geometry": { "type": "Point", "coordinates": [ -99.580544330840823, 18.838819982546589 ] } },
{ "type": "Feature", "properties": { "color": "yellow", "type": "point" }, "geometry": { "type": "Point", "coordinates": [ -99.069036835388829, 18.882371581529807 ] } },
{ "type": "Feature", "properties": { "color": "yellow", "type": "point" }, "geometry": { "type": "Point", "coordinates": [ -99.572909895081835, 18.838843610166133 ] } },
{ "type": "Feature", "properties": { "color": "yellow", "type": "point" }, "geometry": { "type": "Point", "coordinates": [ -99.061400045366128, 18.882374259410504 ] } },
{ "type": "Feature", "properties": { "color": "yellow", "type": "point" }, "geometry": { "type": "Point", "coordinates": [ -99.572909895081835, 18.838843610166133 ] } },
{ "type": "Feature", "properties": { "color": "yellow", "type": "point" }, "geometry": { "type": "Point", "coordinates": [ -99.053763254132505, 18.882376623723655 ] } },
{ "type": "Feature", "properties": { "color": "yellow", "type": "point" }, "geometry": { "type": "Point", "coordinates": [ -99.572924363241228, 18.843109415649685 ] } },
{ "type": "Feature", "properties": { "color": "yellow", "type": "point" }, "geometry": { "type": "Point", "coordinates": [ -99.053763254132505, 18.882376623723655 ] } },
{ "type": "Feature", "properties": { "color": "yellow", "type": "point" }, "geometry": { "type": "Point", "coordinates": [ -99.572938835288383, 18.847375219171493 ] } },
{ "type": "Feature", "properties": { "color": "yellow", "type": "point" }, "geometry": { "type": "Point", "coordinates": [ -99.053763254132505, 18.882376623723655 ] } },
{ "type": "Feature", "properties": { "color": "yellow", "type": "point" }, "geometry": { "type": "Point", "coordinates": [ -99.572938835288383, 18.847375219171493 ] } },
{ "type": "Feature", "properties": { "color": "yellow", "type": "point" }, "geometry": { "type": "Point", "coordinates": [ -99.053764615255787, 18.886642621811831 ] } },
{ "type": "Feature", "properties": { "color": "yellow", "type": "point" }, "geometry": { "type": "Point", "coordinates": [ -99.572953311223756, 18.851641020731172 ] } },
{ "type": "Feature", "properties": { "color": "yellow", "type": "point" }, "geometry": { "type": "Point", "coordinates": [ -99.053764615255787, 18.886642621811831 ] } },
{ "type": "Feature", "properties": { "color": "yellow", "type": "point" }, "geometry": { "type": "Point", "coordinates": [ -99.565332572595423, 18.855930157879914 ] } },
{ "type": "Feature", "properties": { "color": "yellow", "type": "point" }, "geometry": { "type": "Point", "coordinates": [ -99.046127629621495, 18.886644673054615 ] } },
{ "type": "Feature", "properties": { "color": "yellow", "type": "point" }, "geometry": { "type": "Point", "coordinates": [ -99.557697343000513, 18.855953182392319 ] } },
{ "type": "Feature", "properties": { "color": "yellow", "type": "point" }, "geometry": { "type": "Point", "coordinates": [ -99.04612879771777, 18.890910669685073 ] } },
{ "type": "Feature", "properties": { "color": "yellow", "type": "point" }, "geometry": { "type": "Point", "coordinates": [ -99.572967791047788, 18.855906820328347 ] } },
{ "type": "Feature", "properties": { "color": "yellow", "type": "point" }, "geometry": { "type": "Point", "coordinates": [ -99.046127629621495, 18.886644673054615 ] } },
{ "type": "Feature", "properties": { "color": "yellow", "type": "point" }, "geometry": { "type": "Point", "coordinates": [ -99.565332572595423, 18.855930157879914 ] } },
{ "type": "Feature", "properties": { "color": "yellow", "type": "point" }, "geometry": { "type": "Point", "coordinates": [ -99.04612879771777, 18.890910669685073 ] } },
{ "type": "Feature", "properties": { "color": "yellow", "type": "point" }, "geometry": { "type": "Point", "coordinates": [ -99.565332572595423, 18.855930157879914 ] } },
{ "type": "Feature", "properties": { "color": "yellow", "type": "point" }, "geometry": { "type": "Point", "coordinates": [ -99.04612879771777, 18.890910669685073 ] } },
{ "type": "Feature", "properties": { "color": "yellow", "type": "point" }, "geometry": { "type": "Point", "coordinates": [ -99.565332572595423, 18.855930157879914 ] } },
{ "type": "Feature", "properties": { "color": "yellow", "type": "point" }, "geometry": { "type": "Point", "coordinates": [ -99.04612879771777, 18.890910669685073 ] } },
{ "type": "Feature", "properties": { "color": "yellow", "type": "point" }, "geometry": { "type": "Point", "coordinates": [ -99.565332572595423, 18.855930157879914 ] } },
{ "type": "Feature", "properties": { "color": "yellow", "type": "point" }, "geometry": { "type": "Point", "coordinates": [ -99.04612879771777, 18.890910669685073 ] } },
{ "type": "Feature", "properties": { "color": "yellow", "type": "point" }, "geometry": { "type": "Point", "coordinates": [ -99.557683249036003, 18.851687371537736 ] } },
{ "type": "Feature", "properties": { "color": "yellow", "type": "point" }, "geometry": { "type": "Point", "coordinates": [ -99.04612879771777, 18.890910669685073 ] } },
{ "type": "Feature", "properties": { "color": "yellow", "type": "point" }, "geometry": { "type": "Point", "coordinates": [ -99.557697343000513, 18.855953182392319 ] } },
{ "type": "Feature", "properties": { "color": "yellow", "type": "point" }, "geometry": { "type": "Point", "coordinates": [ -99.04612879771777, 18.890910669685073 ] } },
{ "type": "Feature", "properties": { "color": "yellow", "type": "point" }, "geometry": { "type": "Point", "coordinates": [ -99.557697343000513, 18.855953182392319 ] } },
{ "type": "Feature", "properties": { "color": "yellow", "type": "point" }, "geometry": { "type": "Point", "coordinates": [ -99.04612996612741, 18.895176664360033 ] } },
{ "type": "Feature", "properties": { "color": "yellow", "type": "point" }, "geometry": { "type": "Point", "coordinates": [ -99.565346863327633, 18.860195961181194 ] } },
{ "type": "Feature", "properties": { "color": "yellow", "type": "point" }, "geometry": { "type": "Point", "coordinates": [ -99.053765976744302, 18.890908617944866 ] } },
{ "type": "Feature", "properties": { "color": "yellow", "type": "point" }, "geometry": { "type": "Point", "coordinates": [ -99.565346863327633, 18.860195961181194 ] } },
{ "type": "Feature", "properties": { "color": "yellow", "type": "point" }, "geometry": { "type": "Point", "coordinates": [ -99.053767338598021, 18.895174612122368 ] } },
{ "type": "Feature", "properties": { "color": "yellow", "type": "point" }, "geometry": { "type": "Point", "coordinates": [ -99.565346863327633, 18.860195961181194 ] } },
{ "type": "Feature", "properties": { "color": "yellow", "type": "point" }, "geometry": { "type": "Point", "coordinates": [ -99.053767338598021, 18.895174612122368 ] } },
{ "type": "Feature", "properties": { "color": "yellow", "type": "point" }, "geometry": { "type": "Point", "coordinates": [ -99.565361157897598, 18.864461762519493 ] } },
{ "type": "Feature", "properties": { "color": "yellow", "type": "point" }, "geometry": { "type": "Point", "coordinates": [ -99.053767338598021, 18.895174612122368 ] } },
{ "type": "Feature", "properties": { "color": "yellow", "type": "point" }, "geometry": { "type": "Point", "coordinates": [ -99.57298227476096, 18.860172617962643 ] } },
{ "type": "Feature", "properties": { "color": "yellow", "type": "point" }, "geometry": { "type": "Point", "coordinates": [ -99.061403154710248, 18.890906252484776 ] } },
{ "type": "Feature", "properties": { "color": "yellow", "type": "point" }, "geometry": { "type": "Point", "coordinates": [ -99.580617674899969, 18.860148961630902 ] } },
{ "type": "Feature", "properties": { "color": "yellow", "type": "point" }, "geometry": { "type": "Point", "coordinates": [ -99.053767338598021, 18.895174612122368 ] } },
{ "type": "Feature", "properties": { "color": "yellow", "type": "point" }, "geometry": { "type": "Point", "coordinates": [ -99.580617674899969, 18.860148961630902 ] } },
{ "type": "Feature", "properties": { "color": "yellow", "type": "point" }, "geometry": { "type": "Point", "coordinates": [ -99.061404710007963, 18.895172246088769 ] } },
{ "type": "Feature", "properties": { "color": "yellow", "type": "point" }, "geometry": { "type": "Point", "coordinates": [ -99.580617674899969, 18.860148961630902 ] } },
{ "type": "Feature", "properties": { "color": "yellow", "type": "point" }, "geometry": { "type": "Point", "coordinates": [ -99.061404710007963, 18.895172246088769 ] } },
{ "type": "Feature", "properties": { "color": "yellow", "type": "point" }, "geometry": { "type": "Point", "coordinates": [ -99.580632355534135, 18.864414751558659 ] } },
{ "type": "Feature", "properties": { "color": "yellow", "type": "point" }, "geometry": { "type": "Point", "coordinates": [ -99.061404710007963, 18.895172246088769 ] } },
{ "type": "Feature", "properties": { "color": "yellow", "type": "point" }, "geometry": { "type": "Point", "coordinates": [ -99.580632355534135, 18.864414751558659 ] } },
{ "type": "Feature", "properties": { "color": "yellow", "type": "point" }, "geometry": { "type": "Point", "coordinates": [ -99.061404710007963, 18.895172246088769 ] } },
{ "type": "Feature", "properties": { "color": "yellow", "type": "point" }, "geometry": { "type": "Point", "coordinates": [ -99.580617674899969, 18.860148961630902 ] } },
{ "type": "Feature", "properties": { "color": "yellow", "type": "point" }, "geometry": { "type": "Point", "coordinates": [ -99.069042080206529, 18.895169566259433 ] } },
{ "type": "Feature", "properties": { "color": "yellow", "type": "point" }, "geometry": { "type": "Point", "coordinates": [ -99.580617674899969, 18.860148961630902 ] } },
{ "type": "Feature", "properties": { "color": "yellow", "type": "point" }, "geometry": { "type": "Point", "coordinates": [ -99.061404710007963, 18.895172246088769 ] } },
{ "type": "Feature", "properties": { "color": "yellow", "type": "point" }, "geometry": { "type": "Point", "coordinates": [ -99.580617674899969, 18.860148961630902 ] } },
{ "type": "Feature", "properties": { "color": "yellow", "type": "point" }, "geometry": { "type": "Point", "coordinates": [ -99.069042080206529, 18.895169566259433 ] } },
{ "type": "Feature", "properties": { "color": "yellow", "type": "point" }, "geometry": { "type": "Point", "coordinates": [ -99.580617674899969, 18.860148961630902 ] } },
{ "type": "Feature", "properties": { "color": "yellow", "type": "point" }, "geometry": { "type": "Point", "coordinates": [ -99.069042080206529, 18.895169566259433 ] } },
{ "type": "Feature", "properties": { "color": "yellow", "type": "point" }, "geometry": { "type": "Point", "coordinates": [ -99.580617674899969, 18.860148961630902 ] } },
{ "type": "Feature", "properties": { "color": "yellow", "type": "point" }, "geometry": { "type": "Point", "coordinates": [ -99.069042080206529, 18.895169566259433 ] } },
{ "type": "Feature", "properties": { "color": "yellow", "type": "point" }, "geometry": { "type": "Point", "coordinates": [ -99.580617674899969, 18.860148961630902 ] } },
{ "type": "Feature", "properties": { "color": "yellow", "type": "point" }, "geometry": { "type": "Point", "coordinates": [ -99.069040331464976, 18.890903573305017 ] } },
{ "type": "Feature", "properties": { "color": "yellow", "type": "point" }, "geometry": { "type": "Point", "coordinates": [ -99.580617674899969, 18.860148961630902 ] } },
{ "type": "Feature", "properties": { "color": "yellow", "type": "point" }, "geometry": { "type": "Point", "coordinates": [ -99.069040331464976, 18.890903573305017 ] } },
{ "type": "Feature", "properties": { "color": "yellow", "type": "point" }, "geometry": { "type": "Point", "coordinates": [ -99.580617674899969, 18.860148961630902 ] } },
{ "type": "Feature", "properties": { "color": "yellow", "type": "point" }, "geometry": { "type": "Point", "coordinates": [ -99.069040331464976, 18.890903573305017 ] } },
{ "type": "Feature", "properties": { "color": "yellow", "type": "point" }, "geometry": { "type": "Point", "coordinates": [ -99.580617674899969, 18.860148961630902 ] } },
{ "type": "Feature", "properties": { "color": "yellow", "type": "point" }, "geometry": { "type": "Point", "coordinates": [ -99.069040331464976, 18.890903573305017 ] } },
{ "type": "Feature", "properties": { "color": "yellow", "type": "point" }, "geometry": { "type": "Point", "coordinates": [ -99.580617674899969, 18.860148961630902 ] } },
{ "type": "Feature", "properties": { "color": "yellow", "type": "point" }, "geometry": { "type": "Point", "coordinates": [ -99.069040331464976, 18.890903573305017 ] } },
{ "type": "Feature", "properties": { "color": "yellow", "type": "point" }, "geometry": { "type": "Point", "coordinates": [ -99.580617674899969, 18.860148961630902 ] } },
{ "type": "Feature", "properties": { "color": "yellow", "type": "point" }, "geometry": { "type": "Point", "coordinates": [ -99.069040331464976, 18.890903573305017 ] } },
{ "type": "Feature", "properties": { "color": "yellow", "type": "point" }, "geometry": { "type": "Point", "coordinates": [ -99.580617674899969, 18.860148961630902 ] } },
{ "type": "Feature", "properties": { "color": "yellow", "type": "point" }, "geometry": { "type": "Point", "coordinates": [ -99.061403154710248, 18.890906252484776 ] } },
{ "type": "Feature", "properties": { "color": "yellow", "type": "point" }, "geometry": { "type": "Point", "coordinates": [ -99.580617674899969, 18.860148961630902 ] } },
{ "type": "Feature", "properties": { "color": "yellow", "type": "point" }, "geometry": { "type": "Point", "coordinates": [ -99.061403154710248, 18.890906252484776 ] } },
{ "type": "Feature", "properties": { "color": "yellow", "type": "point" }, "geometry": { "type": "Point", "coordinates": [ -99.580617674899969, 18.860148961630902 ] } },
{ "type": "Feature", "properties": { "color": "yellow", "type": "point" }, "geometry": { "type": "Point", "coordinates": [ -99.061403154710248, 18.890906252484776 ] } },
{ "type": "Feature", "properties": { "color": "yellow", "type": "point" }, "geometry": { "type": "Point", "coordinates": [ -99.580617674899969, 18.860148961630902 ] } },
{ "type": "Feature", "properties": { "color": "yellow", "type": "point" }, "geometry": { "type": "Point", "coordinates": [ -99.061401599829651, 18.886640256925229 ] } },
{ "type": "Feature", "properties": { "color": "yellow", "type": "point" }, "geometry": { "type": "Point", "coordinates": [ -99.580617674899969, 18.860148961630902 ] } },
{ "type": "Feature", "properties": { "color": "yellow", "type": "point" }, "geometry": { "type": "Point", "coordinates": [ -99.061401599829651, 18.886640256925229 ] } },
{ "type": "Feature", "properties": { "color": "yellow", "type": "point" }, "geometry": { "type": "Point", "coordinates": [ -99.580617674899969, 18.860148961630902 ] } },
{ "type": "Feature", "properties": { "color": "yellow", "type": "point" }, "geometry": { "type": "Point", "coordinates": [ -99.061403154710248, 18.890906252484776 ] } },
{ "type": "Feature", "properties": { "color": "yellow", "type": "point" }, "geometry": { "type": "Point", "coordinates": [ -99.57298227476096, 18.860172617962643 ] } },
{ "type": "Feature", "properties": { "color": "yellow", "type": "point" }, "geometry": { "type": "Point", "coordinates": [ -99.061403154710248, 18.890906252484776 ] } },
{ "type": "Feature", "properties": { "color": "yellow", "type": "point" }, "geometry": { "type": "Point", "coordinates": [ -99.57298227476096, 18.860172617962643 ] } },
{ "type": "Feature", "properties": { "color": "yellow", "type": "point" }, "geometry": { "type": "Point", "coordinates": [ -99.061403154710248, 18.890906252484776 ] } },
{ "type": "Feature", "properties": { "color": "yellow", "type": "point" }, "geometry": { "type": "Point", "coordinates": [ -99.572967791047788, 18.855906820328347 ] } },
{ "type": "Feature", "properties": { "color": "yellow", "type": "point" }, "geometry": { "type": "Point", "coordinates": [ -99.053765976744302, 18.890908617944866 ] } },
{ "type": "Feature", "properties": { "color": "yellow", "type": "point" }, "geometry": { "type": "Point", "coordinates": [ -99.572967791047788, 18.855906820328347 ] } },
{ "type": "Feature", "properties": { "color": "yellow", "type": "point" }, "geometry": { "type": "Point", "coordinates": [ -99.061401599829651, 18.886640256925229 ] } },
{ "type": "Feature", "properties": { "color": "yellow", "type": "point" }, "geometry": { "type": "Point", "coordinates": [ -99.588238193923132, 18.85585920611571 ] } },
{ "type": "Feature", "properties": { "color": "yellow", "type": "point" }, "geometry": { "type": "Point", "coordinates": [ -99.061401599829651, 18.886640256925229 ] } },
{ "type": "Feature", "properties": { "color": "yellow", "type": "point" }, "geometry": { "type": "Point", "coordinates": [ -99.580602998207198, 18.855883169739606 ] } },
{ "type": "Feature", "properties": { "color": "yellow", "type": "point" }, "geometry": { "type": "Point", "coordinates": [ -99.061401599829651, 18.886640256925229 ] } },
{ "type": "Feature", "properties": { "color": "yellow", "type": "point" }, "geometry": { "type": "Point", "coordinates": [ -99.580602998207198, 18.855883169739606 ] } },
{ "type": "Feature", "properties": { "color": "yellow", "type": "point" }, "geometry": { "type": "Point", "coordinates": [ -99.061401599829651, 18.886640256925229 ] } },
{ "type": "Feature", "properties": { "color": "yellow", "type": "point" }, "geometry": { "type": "Point", "coordinates": [ -99.572953311223756, 18.851641020731172 ] } },
{ "type": "Feature", "properties": { "color": "yellow", "type": "point" }, "geometry": { "type": "Point", "coordinates": [ -99.061401599829651, 18.886640256925229 ] } },
{ "type": "Feature", "properties": { "color": "yellow", "type": "point" }, "geometry": { "type": "Point", "coordinates": [ -99.565318285700499, 18.851664352616027 ] } },
{ "type": "Feature", "properties": { "color": "yellow", "type": "point" }, "geometry": { "type": "Point", "coordinates": [ -99.053763254132505, 18.882376623723655 ] } },
{ "type": "Feature", "properties": { "color": "yellow", "type": "point" }, "geometry": { "type": "Point", "coordinates": [ -99.565318285700499, 18.851664352616027 ] } },
{ "type": "Feature", "properties": { "color": "yellow", "type": "point" }, "geometry": { "type": "Point", "coordinates": [ -99.053763254132505, 18.882376623723655 ] } },
{ "type": "Feature", "properties": { "color": "yellow", "type": "point" }, "geometry": { "type": "Point", "coordinates": [ -99.572953311223756, 18.851641020731172 ] } },
{ "type": "Feature", "properties": { "color": "yellow", "type": "point" }, "geometry": { "type": "Point", "coordinates": [ -99.053764615255787, 18.886642621811831 ] } },
{ "type": "Feature", "properties": { "color": "yellow", "type": "point" }, "geometry": { "type": "Point", "coordinates": [ -99.572953311223756, 18.851641020731172 ] } },
{ "type": "Feature", "properties": { "color": "yellow", "type": "point" }, "geometry": { "type": "Point", "coordinates": [ -99.053763254132505, 18.882376623723655 ] } },
{ "type": "Feature", "properties": { "color": "yellow", "type": "point" }, "geometry": { "type": "Point", "coordinates": [ -99.572953311223756, 18.851641020731172 ] } },
{ "type": "Feature", "properties": { "color": "yellow", "type": "point" }, "geometry": { "type": "Point", "coordinates": [ -99.053763254132505, 18.882376623723655 ] } },
{ "type": "Feature", "properties": { "color": "yellow", "type": "point" }, "geometry": { "type": "Point", "coordinates": [ -99.572953311223756, 18.851641020731172 ] } },
{ "type": "Feature", "properties": { "color": "yellow", "type": "point" }, "geometry": { "type": "Point", "coordinates": [ -99.053763254132505, 18.882376623723655 ] } },
{ "type": "Feature", "properties": { "color": "yellow", "type": "point" }, "geometry": { "type": "Point", "coordinates": [ -99.572938835288383, 18.847375219171493 ] } },
{ "type": "Feature", "properties": { "color": "yellow", "type": "point" }, "geometry": { "type": "Point", "coordinates": [ -99.053763254132505, 18.882376623723655 ] } },
{ "type": "Feature", "properties": { "color": "yellow", "type": "point" }, "geometry": { "type": "Point", "coordinates": [ -99.565304002642435, 18.847398545389911 ] } },
{ "type": "Feature", "properties": { "color": "yellow", "type": "point" }, "geometry": { "type": "Point", "coordinates": [ -99.04612646183854, 18.882378674469035 ] } },
{ "type": "Feature", "properties": { "color": "yellow", "type": "point" }, "geometry": { "type": "Point", "coordinates": [ -99.565318285700499, 18.851664352616027 ] } },
{ "type": "Feature", "properties": { "color": "yellow", "type": "point" }, "geometry": { "type": "Point", "coordinates": [ -99.04612646183854, 18.882378674469035 ] } },
{ "type": "Feature", "properties": { "color": "yellow", "type": "point" }, "geometry": { "type": "Point", "coordinates": [ -99.565304002642435, 18.847398545389911 ] } },
{ "type": "Feature", "properties": { "color": "yellow", "type": "point" }, "geometry": { "type": "Point", "coordinates": [ -99.04612646183854, 18.882378674469035 ] } },
{ "type": "Feature", "properties": { "color": "yellow", "type": "point" }, "geometry": { "type": "Point", "coordinates": [ -99.565304002642435, 18.847398545389911 ] } },
{ "type": "Feature", "properties": { "color": "yellow", "type": "point" }, "geometry": { "type": "Point", "coordinates": [ -99.046125294368892, 18.878112673928712 ] } },
{ "type": "Feature", "properties": { "color": "yellow", "type": "point" }, "geometry": { "type": "Point", "coordinates": [ -99.565304002642435, 18.847398545389911 ] } },
{ "type": "Feature", "properties": { "color": "yellow", "type": "point" }, "geometry": { "type": "Point", "coordinates": [ -99.04612646183854, 18.882378674469035 ] } },
{ "type": "Feature", "properties": { "color": "yellow", "type": "point" }, "geometry": { "type": "Point", "coordinates": [ -99.565318285700499, 18.851664352616027 ] } },
{ "type": "Feature", "properties": { "color": "yellow", "type": "point" }, "geometry": { "type": "Point", "coordinates": [ -99.038489668634881, 18.882380411646484 ] } },
{ "type": "Feature", "properties": { "color": "yellow", "type": "point" }, "geometry": { "type": "Point", "coordinates": [ -99.557683249036003, 18.851687371537736 ] } },
{ "type": "Feature", "properties": { "color": "yellow", "type": "point" }, "geometry": { "type": "Point", "coordinates": [ -99.038490643077381, 18.886646410653405 ] } },
{ "type": "Feature", "properties": { "color": "yellow", "type": "point" }, "geometry": { "type": "Point", "coordinates": [ -99.557683249036003, 18.851687371537736 ] } },
{ "type": "Feature", "properties": { "color": "yellow", "type": "point" }, "geometry": { "type": "Point", "coordinates": [ -99.038490643077381, 18.886646410653405 ] } },
{ "type": "Feature", "properties": { "color": "yellow", "type": "point" }, "geometry": { "type": "Point", "coordinates": [ -99.557683249036003, 18.851687371537736 ] } },
{ "type": "Feature", "properties": { "color": "yellow", "type": "point" }, "geometry": { "type": "Point", "coordinates": [ -99.038490643077381, 18.886646410653405 ] } },
{ "type": "Feature", "properties": { "color": "yellow", "type": "point" }, "geometry": { "type": "Point", "coordinates": [ -99.557697343000513, 18.855953182392319 ] } },
{ "type": "Feature", "properties": { "color": "yellow", "type": "point" }, "geometry": { "type": "Point", "coordinates": [ -99.038490643077381, 18.886646410653405 ] } },
{ "type": "Feature", "properties": { "color": "yellow", "type": "point" }, "geometry": { "type": "Point", "coordinates": [ -99.550062102413548, 18.855975893863619 ] } },
{ "type": "Feature", "properties": { "color": "yellow", "type": "point" }, "geometry": { "type": "Point", "coordinates": [ -99.038489668634881, 18.882380411646484 ] } },
{ "type": "Feature", "properties": { "color": "yellow", "type": "point" }, "geometry": { "type": "Point", "coordinates": [ -99.550062102413548, 18.855975893863619 ] } },
{ "type": "Feature", "properties": { "color": "yellow", "type": "point" }, "geometry": { "type": "Point", "coordinates": [ -99.038490643077381, 18.886646410653405 ] } },
{ "type": "Feature", "properties": { "color": "yellow", "type": "point" }, "geometry": { "type": "Point", "coordinates": [ -99.550076007180024, 18.860241708270838 ] } },
{ "type": "Feature", "properties": { "color": "yellow", "type": "point" }, "geometry": { "type": "Point", "coordinates": [ -99.030853655774081, 18.886647834608063 ] } },
{ "type": "Feature", "properties": { "color": "yellow", "type": "point" }, "geometry": { "type": "Point", "coordinates": [ -99.550076007180024, 18.860241708270838 ] } },
{ "type": "Feature", "properties": { "color": "yellow", "type": "point" }, "geometry": { "type": "Point", "coordinates": [ -99.030854437085608, 18.8909138320052 ] } },
{ "type": "Feature", "properties": { "color": "yellow", "type": "point" }, "geometry": { "type": "Point", "coordinates": [ -99.542440562766686, 18.860264112138033 ] } },
{ "type": "Feature", "properties": { "color": "yellow", "type": "point" }, "geometry": { "type": "Point", "coordinates": [ -99.030854437085608, 18.8909138320052 ] } },
{ "type": "Feature", "properties": { "color": "yellow", "type": "point" }, "geometry": { "type": "Point", "coordinates": [ -99.542440562766686, 18.860264112138033 ] } },
{ "type": "Feature", "properties": { "color": "yellow", "type": "point" }, "geometry": { "type": "Point", "coordinates": [ -99.030854437085608, 18.8909138320052 ] } },
{ "type": "Feature", "properties": { "color": "yellow", "type": "point" }, "geometry": { "type": "Point", "coordinates": [ -99.542440562766686, 18.860264112138033 ] } },
{ "type": "Feature", "properties": { "color": "yellow", "type": "point" }, "geometry": { "type": "Point", "coordinates": [ -99.030854437085608, 18.8909138320052 ] } },
{ "type": "Feature", "properties": { "color": "yellow", "type": "point" }, "geometry": { "type": "Point", "coordinates": [ -99.550089915680601, 18.864507520715609 ] } },
{ "type": "Feature", "properties": { "color": "yellow", "type": "point" }, "geometry": { "type": "Point", "coordinates": [ -99.023217843858035, 18.895180938295777 ] } },
{ "type": "Feature", "properties": { "color": "yellow", "type": "point" }, "geometry": { "type": "Point", "coordinates": [ -99.542454278230679, 18.864529930022023 ] } },
{ "type": "Feature", "properties": { "color": "yellow", "type": "point" }, "geometry": { "type": "Point", "coordinates": [ -99.023217843858035, 18.895180938295777 ] } },
{ "type": "Feature", "properties": { "color": "yellow", "type": "point" }, "geometry": { "type": "Point", "coordinates": [ -99.542440562766686, 18.860264112138033 ] } },
{ "type": "Feature", "properties": { "color": "yellow", "type": "point" }, "geometry": { "type": "Point", "coordinates": [ -99.023217255781262, 18.890914942584843 ] } },
{ "type": "Feature", "properties": { "color": "yellow", "type": "point" }, "geometry": { "type": "Point", "coordinates": [ -99.534818630087116, 18.864552026131442 ] } },
{ "type": "Feature", "properties": { "color": "yellow", "type": "point" }, "geometry": { "type": "Point", "coordinates": [ -99.023217843858035, 18.895180938295777 ] } },
{ "type": "Feature", "properties": { "color": "yellow", "type": "point" }, "geometry": { "type": "Point", "coordinates": [ -99.534818630087116, 18.864552026131442 ] } },
{ "type": "Feature", "properties": { "color": "yellow", "type": "point" }, "geometry": { "type": "Point", "coordinates": [ -99.023217843858035, 18.895180938295777 ] } },
{ "type": "Feature", "properties": { "color": "yellow", "type": "point" }, "geometry": { "type": "Point", "coordinates": [ -99.534818630087116, 18.864552026131442 ] } },
{ "type": "Feature", "properties": { "color": "yellow", "type": "point" }, "geometry": { "type": "Point", "coordinates": [ -99.015580468651279, 18.895181735348213 ] } },
{ "type": "Feature", "properties": { "color": "yellow", "type": "point" }, "geometry": { "type": "Point", "coordinates": [ -99.527182971400464, 18.864573809041996 ] } },
{ "type": "Feature", "properties": { "color": "yellow", "type": "point" }, "geometry": { "type": "Point", "coordinates": [ -99.015580863389488, 18.89944772929654 ] } },
{ "type": "Feature", "properties": { "color": "yellow", "type": "point" }, "geometry": { "type": "Point", "coordinates": [ -99.527196304366569, 18.868839635614322 ] } },
{ "type": "Feature", "properties": { "color": "yellow", "type": "point" }, "geometry": { "type": "Point", "coordinates": [ -99.015580468651279, 18.895181735348213 ] } },
{ "type": "Feature", "properties": { "color": "yellow", "type": "point" }, "geometry": { "type": "Point", "coordinates": [ -99.527196304366569, 18.868839635614322 ] } },
{ "type": "Feature", "properties": { "color": "yellow", "type": "point" }, "geometry": { "type": "Point", "coordinates": [ -99.015580863389488, 18.89944772929654 ] } },
{ "type": "Feature", "properties": { "color": "yellow", "type": "point" }, "geometry": { "type": "Point", "coordinates": [ -99.527196304366569, 18.868839635614322 ] } },
{ "type": "Feature", "properties": { "color": "yellow", "type": "point" }, "geometry": { "type": "Point", "coordinates": [ -99.015580863389488, 18.89944772929654 ] } },
{ "type": "Feature", "properties": { "color": "yellow", "type": "point" }, "geometry": { "type": "Point", "coordinates": [ -99.527196304366569, 18.868839635614322 ] } },
{ "type": "Feature", "properties": { "color": "yellow", "type": "point" }, "geometry": { "type": "Point", "coordinates": [ -99.007943294379032, 18.899448212669576 ] } },
{ "type": "Feature", "properties": { "color": "yellow", "type": "point" }, "geometry": { "type": "Point", "coordinates": [ -99.527196304366569, 18.868839635614322 ] } },
{ "type": "Feature", "properties": { "color": "yellow", "type": "point" }, "geometry": { "type": "Point", "coordinates": [ -99.007943294379032, 18.899448212669576 ] } },
{ "type": "Feature", "properties": { "color": "yellow", "type": "point" }, "geometry": { "type": "Point", "coordinates": [ -99.527196304366569, 18.868839635614322 ] } },
{ "type": "Feature", "properties": { "color": "yellow", "type": "point" }, "geometry": { "type": "Point", "coordinates": [ -99.007943294379032, 18.899448212669576 ] } },
{ "type": "Feature", "properties": { "color": "yellow", "type": "point" }, "geometry": { "type": "Point", "coordinates": [ -99.527196304366569, 18.868839635614322 ] } },
{ "type": "Feature", "properties": { "color": "yellow", "type": "point" }, "geometry": { "type": "Point", "coordinates": [ -99.007943294379032, 18.899448212669576 ] } },
{ "type": "Feature", "properties": { "color": "yellow", "type": "point" }, "geometry": { "type": "Point", "coordinates": [ -99.527196304366569, 18.868839635614322 ] } },
{ "type": "Feature", "properties": { "color": "yellow", "type": "point" }, "geometry": { "type": "Point", "coordinates": [ -99.007943093137186, 18.895182218604095 ] } },
{ "type": "Feature", "properties": { "color": "yellow", "type": "point" }, "geometry": { "type": "Point", "coordinates": [ -99.527196304366569, 18.868839635614322 ] } },
{ "type": "Feature", "properties": { "color": "yellow", "type": "point" }, "geometry": { "type": "Point", "coordinates": [ -99.007943294379032, 18.899448212669576 ] } },
{ "type": "Feature", "properties": { "color": "yellow", "type": "point" }, "geometry": { "type": "Point", "coordinates": [ -99.527182971400464, 18.864573809041996 ] } },
{ "type": "Feature", "properties": { "color": "yellow", "type": "point" }, "geometry": { "type": "Point", "coordinates": [ -99.007943294379032, 18.899448212669576 ] } },
{ "type": "Feature", "properties": { "color": "yellow", "type": "point" }, "geometry": { "type": "Point", "coordinates": [ -99.527196304366569, 18.868839635614322 ] } },
{ "type": "Feature", "properties": { "color": "yellow", "type": "point" }, "geometry": { "type": "Point", "coordinates": [ -99.007943294379032, 18.899448212669576 ] } },
{ "type": "Feature", "properties": { "color": "yellow", "type": "point" }, "geometry": { "type": "Point", "coordinates": [ -99.527196304366569, 18.868839635614322 ] } },
{ "type": "Feature", "properties": { "color": "yellow", "type": "point" }, "geometry": { "type": "Point", "coordinates": [ -99.007943294379032, 18.899448212669576 ] } },
{ "type": "Feature", "properties": { "color": "yellow", "type": "point" }, "geometry": { "type": "Point", "coordinates": [ -99.527196304366569, 18.868839635614322 ] } },
{ "type": "Feature", "properties": { "color": "yellow", "type": "point" }, "geometry": { "type": "Point", "coordinates": [ -99.000305725211874, 18.899448382169957 ] } },
{ "type": "Feature", "properties": { "color": "yellow", "type": "point" }, "geometry": { "type": "Point", "coordinates": [ -99.527196304366569, 18.868839635614322 ] } },
{ "type": "Feature", "properties": { "color": "yellow", "type": "point" }, "geometry": { "type": "Point", "coordinates": [ -99.000305725211874, 18.899448382169957 ] } },
{ "type": "Feature", "properties": { "color": "yellow", "type": "point" }, "geometry": { "type": "Point", "coordinates": [ -99.519560442195171, 18.868861110535569 ] } },
{ "type": "Feature", "properties": { "color": "yellow", "type": "point" }, "geometry": { "type": "Point", "coordinates": [ -99.000305725211874, 18.899448382169957 ] } },
{ "type": "Feature", "properties": { "color": "yellow", "type": "point" }, "geometry": { "type": "Point", "coordinates": [ -99.519560442195171, 18.868861110535569 ] } },
{ "type": "Feature", "properties": { "color": "yellow", "type": "point" }, "geometry": { "type": "Point", "coordinates": [ -99.000305725211874, 18.899448382169957 ] } },
{ "type": "Feature", "properties": { "color": "yellow", "type": "point" }, "geometry": { "type": "Point", "coordinates": [ -99.519547302321186, 18.864595278751835 ] } },
{ "type": "Feature", "properties": { "color": "yellow", "type": "point" }, "geometry": { "type": "Point", "coordinates": [ -99.000305725211874, 18.899448382169957 ] } },
{ "type": "Feature", "properties": { "color": "yellow", "type": "point" }, "geometry": { "type": "Point", "coordinates": [ -99.51191162299979, 18.864616435259126 ] } },
{ "type": "Feature", "properties": { "color": "yellow", "type": "point" }, "geometry": { "type": "Point", "coordinates": [ -99.000305725211874, 18.899448382169957 ] } },
{ "type": "Feature", "properties": { "color": "yellow", "type": "point" }, "geometry": { "type": "Point", "coordinates": [ -99.519547302321186, 18.864595278751835 ] } },
{ "type": "Feature", "properties": { "color": "yellow", "type": "point" }, "geometry": { "type": "Point", "coordinates": [ -99.000305725211874, 18.899448382169957 ] } },
{ "type": "Feature", "properties": { "color": "yellow", "type": "point" }, "geometry": { "type": "Point", "coordinates": [ -99.51191162299979, 18.864616435259126 ] } },
{ "type": "Feature", "properties": { "color": "yellow", "type": "point" }, "geometry": { "type": "Point", "coordinates": [ -99.000305725211874, 18.899448382169957 ] } },
{ "type": "Feature", "properties": { "color": "yellow", "type": "point" }, "geometry": { "type": "Point", "coordinates": [ -99.51192456978049, 18.868882272178251 ] } },
{ "type": "Feature", "properties": { "color": "yellow", "type": "point" }, "geometry": { "type": "Point", "coordinates": [ -99.000305725211874, 18.899448382169957 ] } },
{ "type": "Feature", "properties": { "color": "yellow", "type": "point" }, "geometry": { "type": "Point", "coordinates": [ -99.51191162299979, 18.864616435259126 ] } },
{ "type": "Feature", "properties": { "color": "yellow", "type": "point" }, "geometry": { "type": "Point", "coordinates": [ -98.992668341789539, 18.895182243726104 ] } },
{ "type": "Feature", "properties": { "color": "yellow", "type": "point" }, "geometry": { "type": "Point", "coordinates": [ -99.51191162299979, 18.864616435259126 ] } },
{ "type": "Feature", "properties": { "color": "yellow", "type": "point" }, "geometry": { "type": "Point", "coordinates": [ -98.992668341789539, 18.895182243726104 ] } },
{ "type": "Feature", "properties": { "color": "yellow", "type": "point" }, "geometry": { "type": "Point", "coordinates": [ -99.51191162299979, 18.864616435259126 ] } },
{ "type": "Feature", "properties": { "color": "yellow", "type": "point" }, "geometry": { "type": "Point", "coordinates": [ -98.992668156038675, 18.899448237797674 ] } },
{ "type": "Feature", "properties": { "color": "yellow", "type": "point" }, "geometry": { "type": "Point", "coordinates": [ -99.51191162299979, 18.864616435259126 ] } },
{ "type": "Feature", "properties": { "color": "yellow", "type": "point" }, "geometry": { "type": "Point", "coordinates": [ -98.992668156038675, 18.899448237797674 ] } },
{ "type": "Feature", "properties": { "color": "yellow", "type": "point" }, "geometry": { "type": "Point", "coordinates": [ -99.51191162299979, 18.864616435259126 ] } },
{ "type": "Feature", "properties": { "color": "yellow", "type": "point" }, "geometry": { "type": "Point", "coordinates": [ -98.992668156038675, 18.899448237797674 ] } },
{ "type": "Feature", "properties": { "color": "yellow", "type": "point" }, "geometry": { "type": "Point", "coordinates": [ -99.519560442195171, 18.868861110535569 ] } },
{ "type": "Feature", "properties": { "color": "yellow", "type": "point" }, "geometry": { "type": "Point", "coordinates": [ -99.000305725211874, 18.899448382169957 ] } },
{ "type": "Feature", "properties": { "color": "yellow", "type": "point" }, "geometry": { "type": "Point", "coordinates": [ -99.519547302321186, 18.864595278751835 ] } },
{ "type": "Feature", "properties": { "color": "yellow", "type": "point" }, "geometry": { "type": "Point", "coordinates": [ -99.000305725211874, 18.899448382169957 ] } },
{ "type": "Feature", "properties": { "color": "yellow", "type": "point" }, "geometry": { "type": "Point", "coordinates": [ -99.527196304366569, 18.868839635614322 ] } },
{ "type": "Feature", "properties": { "color": "yellow", "type": "point" }, "geometry": { "type": "Point", "coordinates": [ -99.007943294379032, 18.899448212669576 ] } },
{ "type": "Feature", "properties": { "color": "yellow", "type": "point" }, "geometry": { "type": "Point", "coordinates": [ -99.519560442195171, 18.868861110535569 ] } },
{ "type": "Feature", "properties": { "color": "yellow", "type": "point" }, "geometry": { "type": "Point", "coordinates": [ -99.007943294379032, 18.899448212669576 ] } },
{ "type": "Feature", "properties": { "color": "yellow", "type": "point" }, "geometry": { "type": "Point", "coordinates": [ -99.527182971400464, 18.864573809041996 ] } },
{ "type": "Feature", "properties": { "color": "yellow", "type": "point" }, "geometry": { "type": "Point", "coordinates": [ -99.007943294379032, 18.899448212669576 ] } },
{ "type": "Feature", "properties": { "color": "yellow", "type": "point" }, "geometry": { "type": "Point", "coordinates": [ -99.527182971400464, 18.864573809041996 ] } },
{ "type": "Feature", "properties": { "color": "yellow", "type": "point" }, "geometry": { "type": "Point", "coordinates": [ -99.015580468651279, 18.895181735348213 ] } },
{ "type": "Feature", "properties": { "color": "yellow", "type": "point" }, "geometry": { "type": "Point", "coordinates": [ -99.534805107660986, 18.860286202884257 ] } },
{ "type": "Feature", "properties": { "color": "yellow", "type": "point" }, "geometry": { "type": "Point", "coordinates": [ -99.015580074018942, 18.890915739444075 ] } },
{ "type": "Feature", "properties": { "color": "yellow", "type": "point" }, "geometry": { "type": "Point", "coordinates": [ -99.534818630087116, 18.864552026131442 ] } },
{ "type": "Feature", "properties": { "color": "yellow", "type": "point" }, "geometry": { "type": "Point", "coordinates": [ -99.023217843858035, 18.895180938295777 ] } },
{ "type": "Feature", "properties": { "color": "yellow", "type": "point" }, "geometry": { "type": "Point", "coordinates": [ -99.534805107660986, 18.860286202884257 ] } },
{ "type": "Feature", "properties": { "color": "yellow", "type": "point" }, "geometry": { "type": "Point", "coordinates": [ -99.023217843858035, 18.895180938295777 ] } },
{ "type": "Feature", "properties": { "color": "yellow", "type": "point" }, "geometry": { "type": "Point", "coordinates": [ -99.534805107660986, 18.860286202884257 ] } },
{ "type": "Feature", "properties": { "color": "yellow", "type": "point" }, "geometry": { "type": "Point", "coordinates": [ -99.023217255781262, 18.890914942584843 ] } },
{ "type": "Feature", "properties": { "color": "yellow", "type": "point" }, "geometry": { "type": "Point", "coordinates": [ -99.534818630087116, 18.864552026131442 ] } },
{ "type": "Feature", "properties": { "color": "yellow", "type": "point" }, "geometry": { "type": "Point", "coordinates": [ -99.023217843858035, 18.895180938295777 ] } },
{ "type": "Feature", "properties": { "color": "yellow", "type": "point" }, "geometry": { "type": "Point", "coordinates": [ -99.534805107660986, 18.860286202884257 ] } },
{ "type": "Feature", "properties": { "color": "yellow", "type": "point" }, "geometry": { "type": "Point", "coordinates": [ -99.023217843858035, 18.895180938295777 ] } },
{ "type": "Feature", "properties": { "color": "yellow", "type": "point" }, "geometry": { "type": "Point", "coordinates": [ -99.542440562766686, 18.860264112138033 ] } },
{ "type": "Feature", "properties": { "color": "yellow", "type": "point" }, "geometry": { "type": "Point", "coordinates": [ -99.023217843858035, 18.895180938295777 ] } },
{ "type": "Feature", "properties": { "color": "yellow", "type": "point" }, "geometry": { "type": "Point", "coordinates": [ -99.542440562766686, 18.860264112138033 ] } },
{ "type": "Feature", "properties": { "color": "yellow", "type": "point" }, "geometry": { "type": "Point", "coordinates": [ -99.023217843858035, 18.895180938295777 ] } },
{ "type": "Feature", "properties": { "color": "yellow", "type": "point" }, "geometry": { "type": "Point", "coordinates": [ -99.542454278230679, 18.864529930022023 ] } },
{ "type": "Feature", "properties": { "color": "yellow", "type": "point" }, "geometry": { "type": "Point", "coordinates": [ -99.030856000337494, 18.899445820932716 ] } },
{ "type": "Feature", "properties": { "color": "yellow", "type": "point" }, "geometry": { "type": "Point", "coordinates": [ -99.534832156144134, 18.868817847416331 ] } },
{ "type": "Feature", "properties": { "color": "yellow", "type": "point" }, "geometry": { "type": "Point", "coordinates": [ -99.030856000337494, 18.899445820932716 ] } },
{ "type": "Feature", "properties": { "color": "yellow", "type": "point" }, "geometry": { "type": "Point", "coordinates": [ -99.542467997377358, 18.868795745943455 ] } },
{ "type": "Feature", "properties": { "color": "yellow", "type": "point" }, "geometry": { "type": "Point", "coordinates": [ -99.030856000337494, 18.899445820932716 ] } },
{ "type": "Feature", "properties": { "color": "yellow", "type": "point" }, "geometry": { "type": "Point", "coordinates": [ -99.542467997377358, 18.868795745943455 ] } },
{ "type": "Feature", "properties": { "color": "yellow", "type": "point" }, "geometry": { "type": "Point", "coordinates": [ -99.030856000337494, 18.899445820932716 ] } },
{ "type": "Feature", "properties": { "color": "yellow", "type": "point" }, "geometry": { "type": "Point", "coordinates": [ -99.542467997377358, 18.868795745943455 ] } },
{ "type": "Feature", "properties": { "color": "yellow", "type": "point" }, "geometry": { "type": "Point", "coordinates": [ -99.030856782277908, 18.903711812462351 ] } },
{ "type": "Feature", "properties": { "color": "yellow", "type": "point" }, "geometry": { "type": "Point", "coordinates": [ -99.542481720207178, 18.873061559901959 ] } },
{ "type": "Feature", "properties": { "color": "yellow", "type": "point" }, "geometry": { "type": "Point", "coordinates": [ -99.030856782277908, 18.903711812462351 ] } },
{ "type": "Feature", "properties": { "color": "yellow", "type": "point" }, "geometry": { "type": "Point", "coordinates": [ -99.542481720207178, 18.873061559901959 ] } },
{ "type": "Feature", "properties": { "color": "yellow", "type": "point" }, "geometry": { "type": "Point", "coordinates": [ -99.030856000337494, 18.899445820932716 ] } },
{ "type": "Feature", "properties": { "color": "yellow", "type": "point" }, "geometry": { "type": "Point", "coordinates": [ -99.534845685832437, 18.873083666738555 ] } },
{ "type": "Feature", "properties": { "color": "yellow", "type": "point" }, "geometry": { "type": "Point", "coordinates": [ -99.030856782277908, 18.903711812462351 ] } },
{ "type": "Feature", "properties": { "color": "yellow", "type": "point" }, "geometry": { "type": "Point", "coordinates": [ -99.53485921915248, 18.877349484097738 ] } },
{ "type": "Feature", "properties": { "color": "yellow", "type": "point" }, "geometry": { "type": "Point", "coordinates": [ -99.03085756442799, 18.907977802035401 ] } },
{ "type": "Feature", "properties": { "color": "yellow", "type": "point" }, "geometry": { "type": "Point", "coordinates": [ -99.534845685832437, 18.873083666738555 ] } },
{ "type": "Feature", "properties": { "color": "yellow", "type": "point" }, "geometry": { "type": "Point", "coordinates": [ -99.030856782277908, 18.903711812462351 ] } },
{ "type": "Feature", "properties": { "color": "yellow", "type": "point" }, "geometry": { "type": "Point", "coordinates": [ -99.534845685832437, 18.873083666738555 ] } },
{ "type": "Feature", "properties": { "color": "yellow", "type": "point" }, "geometry": { "type": "Point", "coordinates": [ -99.030856782277908, 18.903711812462351 ] } },
{ "type": "Feature", "properties": { "color": "yellow", "type": "point" }, "geometry": { "type": "Point", "coordinates": [ -99.534845685832437, 18.873083666738555 ] } },
{ "type": "Feature", "properties": { "color": "yellow", "type": "point" }, "geometry": { "type": "Point", "coordinates": [ -99.03085756442799, 18.907977802035401 ] } },
{ "type": "Feature", "properties": { "color": "yellow", "type": "point" }, "geometry": { "type": "Point", "coordinates": [ -99.534845685832437, 18.873083666738555 ] } },
{ "type": "Feature", "properties": { "color": "yellow", "type": "point" }, "geometry": { "type": "Point", "coordinates": [ -99.03085756442799, 18.907977802035401 ] } },
{ "type": "Feature", "properties": { "color": "yellow", "type": "point" }, "geometry": { "type": "Point", "coordinates": [ -99.53485921915248, 18.877349484097738 ] } },
{ "type": "Feature", "properties": { "color": "yellow", "type": "point" }, "geometry": { "type": "Point", "coordinates": [ -99.03085756442799, 18.907977802035401 ] } },
{ "type": "Feature", "properties": { "color": "yellow", "type": "point" }, "geometry": { "type": "Point", "coordinates": [ -99.53485921915248, 18.877349484097738 ] } },
{ "type": "Feature", "properties": { "color": "yellow", "type": "point" }, "geometry": { "type": "Point", "coordinates": [ -99.03085756442799, 18.907977802035401 ] } },
{ "type": "Feature", "properties": { "color": "yellow", "type": "point" }, "geometry": { "type": "Point", "coordinates": [ -99.534845685832437, 18.873083666738555 ] } },
{ "type": "Feature", "properties": { "color": "yellow", "type": "point" }, "geometry": { "type": "Point", "coordinates": [ -99.03085756442799, 18.907977802035401 ] } },
{ "type": "Feature", "properties": { "color": "yellow", "type": "point" }, "geometry": { "type": "Point", "coordinates": [ -99.534845685832437, 18.873083666738555 ] } },
{ "type": "Feature", "properties": { "color": "yellow", "type": "point" }, "geometry": { "type": "Point", "coordinates": [ -99.038494543462178, 18.903710387126356 ] } },
{ "type": "Feature", "properties": { "color": "yellow", "type": "point" }, "geometry": { "type": "Point", "coordinates": [ -99.534845685832437, 18.873083666738555 ] } },
{ "type": "Feature", "properties": { "color": "yellow", "type": "point" }, "geometry": { "type": "Point", "coordinates": [ -99.038494543462178, 18.903710387126356 ] } },
{ "type": "Feature", "properties": { "color": "yellow", "type": "point" }, "geometry": { "type": "Point", "coordinates": [ -99.542481720207178, 18.873061559901959 ] } },
{ "type": "Feature", "properties": { "color": "yellow", "type": "point" }, "geometry": { "type": "Point", "coordinates": [ -99.038494543462178, 18.903710387126356 ] } },
{ "type": "Feature", "properties": { "color": "yellow", "type": "point" }, "geometry": { "type": "Point", "coordinates": [ -99.534845685832437, 18.873083666738555 ] } },
{ "type": "Feature", "properties": { "color": "yellow", "type": "point" }, "geometry": { "type": "Point", "coordinates": [ -99.038494543462178, 18.903710387126356 ] } },
{ "type": "Feature", "properties": { "color": "yellow", "type": "point" }, "geometry": { "type": "Point", "coordinates": [ -99.542481720207178, 18.873061559901959 ] } },
{ "type": "Feature", "properties": { "color": "yellow", "type": "point" }, "geometry": { "type": "Point", "coordinates": [ -99.038494543462178, 18.903710387126356 ] } },
{ "type": "Feature", "properties": { "color": "yellow", "type": "point" }, "geometry": { "type": "Point", "coordinates": [ -99.542481720207178, 18.873061559901959 ] } },
{ "type": "Feature", "properties": { "color": "yellow", "type": "point" }, "geometry": { "type": "Point", "coordinates": [ -99.038494543462178, 18.903710387126356 ] } },
{ "type": "Feature", "properties": { "color": "yellow", "type": "point" }, "geometry": { "type": "Point", "coordinates": [ -99.542467997377358, 18.868795745943455 ] } },
{ "type": "Feature", "properties": { "color": "yellow", "type": "point" }, "geometry": { "type": "Point", "coordinates": [ -99.038494543462178, 18.903710387126356 ] } },
{ "type": "Feature", "properties": { "color": "yellow", "type": "point" }, "geometry": { "type": "Point", "coordinates": [ -99.542467997377358, 18.868795745943455 ] } },
{ "type": "Feature", "properties": { "color": "yellow", "type": "point" }, "geometry": { "type": "Point", "coordinates": [ -99.038494543462178, 18.903710387126356 ] } },
{ "type": "Feature", "properties": { "color": "yellow", "type": "point" }, "geometry": { "type": "Point", "coordinates": [ -99.542467997377358, 18.868795745943455 ] } },
{ "type": "Feature", "properties": { "color": "yellow", "type": "point" }, "geometry": { "type": "Point", "coordinates": [ -99.038494543462178, 18.903710387126356 ] } },
{ "type": "Feature", "properties": { "color": "yellow", "type": "point" }, "geometry": { "type": "Point", "coordinates": [ -99.542467997377358, 18.868795745943455 ] } },
{ "type": "Feature", "properties": { "color": "yellow", "type": "point" }, "geometry": { "type": "Point", "coordinates": [ -99.038493567973703, 18.89944439594208 ] } },
{ "type": "Feature", "properties": { "color": "yellow", "type": "point" }, "geometry": { "type": "Point", "coordinates": [ -99.550089915680601, 18.864507520715609 ] } },
{ "type": "Feature", "properties": { "color": "yellow", "type": "point" }, "geometry": { "type": "Point", "coordinates": [ -99.038493567973703, 18.89944439594208 ] } },
{ "type": "Feature", "properties": { "color": "yellow", "type": "point" }, "geometry": { "type": "Point", "coordinates": [ -99.550089915680601, 18.864507520715609 ] } },
{ "type": "Feature", "properties": { "color": "yellow", "type": "point" }, "geometry": { "type": "Point", "coordinates": [ -99.038493567973703, 18.89944439594208 ] } },
{ "type": "Feature", "properties": { "color": "yellow", "type": "point" }, "geometry": { "type": "Point", "coordinates": [ -99.550089915680601, 18.864507520715609 ] } },
{ "type": "Feature", "properties": { "color": "yellow", "type": "point" }, "geometry": { "type": "Point", "coordinates": [ -99.038492592746763, 18.895178402801584 ] } },
{ "type": "Feature", "properties": { "color": "yellow", "type": "point" }, "geometry": { "type": "Point", "coordinates": [ -99.542454278230679, 18.864529930022023 ] } },
{ "type": "Feature", "properties": { "color": "yellow", "type": "point" }, "geometry": { "type": "Point", "coordinates": [ -99.038493567973703, 18.89944439594208 ] } },
{ "type": "Feature", "properties": { "color": "yellow", "type": "point" }, "geometry": { "type": "Point", "coordinates": [ -99.534818630087116, 18.864552026131442 ] } },
{ "type": "Feature", "properties": { "color": "yellow", "type": "point" }, "geometry": { "type": "Point", "coordinates": [ -99.038493567973703, 18.89944439594208 ] } },
{ "type": "Feature", "properties": { "color": "yellow", "type": "point" }, "geometry": { "type": "Point", "coordinates": [ -99.542454278230679, 18.864529930022023 ] } },
{ "type": "Feature", "properties": { "color": "yellow", "type": "point" }, "geometry": { "type": "Point", "coordinates": [ -99.030855218606746, 18.895179827446874 ] } },
{ "type": "Feature", "properties": { "color": "yellow", "type": "point" }, "geometry": { "type": "Point", "coordinates": [ -99.534818630087116, 18.864552026131442 ] } },
{ "type": "Feature", "properties": { "color": "yellow", "type": "point" }, "geometry": { "type": "Point", "coordinates": [ -99.030855218606746, 18.895179827446874 ] } },
{ "type": "Feature", "properties": { "color": "yellow", "type": "point" }, "geometry": { "type": "Point", "coordinates": [ -99.542454278230679, 18.864529930022023 ] } },
{ "type": "Feature", "properties": { "color": "yellow", "type": "point" }, "geometry": { "type": "Point", "coordinates": [ -99.030855218606746, 18.895179827446874 ] } }
]
}
